=== Pigeon log started at 2026-04-25 22:18:31.280 (pid=29912) ===
--------- beginning of main
04-25 22:18:31.478 29912 29912 I FileLogger: Logging to /storage/emulated/0/Android/data/com.example.pigeon/files/pigeon.log
04-25 22:18:31.563 29912 29912 D nativeloader: Load /data/app/~~YjOxQKa5zkh8cj-x17jBPg==/com.example.pigeon-MZJkq8xLTMaOssYCGr4bjw==/base.apk!/lib/arm64-v8a/libmaplibre.so using class loader ns clns-4 (caller=/data/app/~~YjOxQKa5zkh8cj-x17jBPg==/com.example.pigeon-MZJkq8xLTMaOssYCGr4bjw==/base.apk!classes16.dex): ok
04-25 22:18:31.647 29912 29912 D WM-PackageManagerHelper: Skipping component enablement for androidx.work.impl.background.systemjob.SystemJobService
04-25 22:18:31.647 29912 29912 D WM-Schedulers: Created SystemJobScheduler and enabled SystemJobService
04-25 22:18:31.661 29912 29944 D OpenGLRenderer: RenderThread::requireGlContext()
04-25 22:18:31.661 29912 29944 D libMEOW : meow new tls: 0xb400007998fc6840
04-25 22:18:31.661 29912 29944 D libMEOW : meow reload base cfg path: na
04-25 22:18:31.661 29912 29944 D libMEOW : meow reload overlay cfg path: na
04-25 22:18:31.663 29912 29944 E QT      : [QT]file does not exist
04-25 22:18:31.664 29912 29944 D libMEOW : applied 2 plugins for [com.example.pigeon]:
04-25 22:18:31.664 29912 29944 D libMEOW :   plugin 1: [libMEOW_gift.so]:
04-25 22:18:31.664 29912 29944 D libMEOW :   plugin 2: [libMEOW_semaphore]:
04-25 22:18:31.673 29912 29944 E OpenGLRenderer: Device claims wide gamut support, cannot find matching config, error = EGL_SUCCESS
04-25 22:18:31.674 29912 29944 W OpenGLRenderer: Failed to initialize 101010-2 format, error = EGL_SUCCESS
04-25 22:18:31.687 29912 29944 D OpenGLRenderer: RenderThread::setGrContext()
04-25 22:18:31.709 29912 29943 D CompatibilityChangeReporter: Compat change id reported: 160794467; UID 10335; state: ENABLED
04-25 22:18:31.727 29912 29943 D CompatibilityChangeReporter: Compat change id reported: 194532703; UID 10335; state: ENABLED
04-25 22:18:31.728 29912 29912 I DecorView: [INFO] isPopOver=false config=true
04-25 22:18:31.728 29912 29912 I DecorView: updateCaptionType: isFloating=false isApplication=true hasWindowDecorCaption=false this=DecorView@6c38b04[]
04-25 22:18:31.728 29912 29912 D DecorView: setCaptionType = 0, this = DecorView@6c38b04[]
04-25 22:18:31.733 29912 29912 I DecorView: getCurrentDensityDpi: from real metrics. densityDpi=450 msg=resources_loaded
04-25 22:18:31.733 29912 29912 I DecorView: setWindowBackground: isPopOver=false color=ff141218 d=android.graphics.drawable.ColorDrawable@c388322
04-25 22:18:31.766 29912 29912 I MSHandlerLifeCycle: check: return. pkg=com.example.pigeon parent=null callers=com.android.internal.policy.DecorView.setVisibility:4412 android.app.ActivityThread.handleResumeActivity:5476 android.app.servertransaction.ResumeActivityItem.execute:54 android.app.servertransaction.ActivityTransactionItem.execute:45 android.app.servertransaction.TransactionExecutor.executeLifecycleState:176 
04-25 22:18:31.766 29912 29912 I MSHandlerLifeCycle: removeMultiSplitHandler: no exist. decor=DecorView@6c38b04[]
04-25 22:18:31.775 29912 29944 D NativeCustomFrequencyManager: [NativeCFMS] BpCustomFrequencyManager::BpCustomFrequencyManager()
04-25 22:18:31.780 29912 29912 I DecorView: notifyKeepScreenOnChanged: keepScreenOn=false
04-25 22:18:31.789 29912 29912 D InsetsController: onStateChanged: InsetsState: {mDisplayFrame=Rect(0, 0 - 1080, 2400), mDisplayCutout=DisplayCutout{insets=Rect(0, 78 - 0, 0) waterfall=Insets{left=0, top=0, right=0, bottom=0} boundingRect={Bounds=[Rect(0, 0 - 0, 0), Rect(468, 0 - 612, 78), Rect(0, 0 - 0, 0), Rect(0, 0 - 0, 0)]} cutoutPathParserInfo={CutoutPathParserInfo{displayWidth=1080 displayHeight=2400 physicalDisplayWidth=1080 physicalDisplayHeight=2400 density={2.8125} cutoutSpec={M 0,0 H -25.6 V 27.73333333333333 H 25.6 V 0 H 0 Z @dp} rotation={0} scale={1.0} physicalPixelDisplaySizeRatio={1.0}}}}, mRoundedCorners=RoundedCorners{[RoundedCorner{position=TopLeft, radius=90, center=Point(90, 90)}, RoundedCorner{position=TopRight, radius=90, center=Point(990, 90)}, RoundedCorner{position=BottomRight, radius=90, center=Point(990, 2310)}, RoundedCorner{position=BottomLeft, radius=90, center=Point(90, 2310)}]}  mRoundedCornerFrame=Rect(0, 0 - 1080, 2400), mPrivacyIndicatorBounds=PrivacyIndicatorBounds {static bounds=Rect(956, 0 - 1080, 78) rotation=0}, mSources= { InsetsSource: {mType=ITYPE_STATUS_BAR, mFrame=[0,0][1080,78], mVisible=true, mInsetsRoundedCornerFrame=false}, InsetsSource: {mType=ITYPE_NAVIGATION_BAR, mFrame=[0,2358][1080,2400], mVisible=true, mInsetsRoundedCornerFrame=false}, InsetsSource: {mType=ITYPE_LEFT_GESTURES, mFrame=[0,0][84,2400], mVisible=true, mInsetsRoundedCornerFrame=false}, InsetsSource: {mType=ITYPE_RIGHT_GESTURES, mFrame=[996,0][1080,2400], mVisible=true, mInsetsRoundedCornerFrame=false}, InsetsSource: {mType=ITYPE_TOP_MANDATORY_GESTURES, mFrame=[0,0][1080,112], mVisible=true, mInsetsRoundedCornerFrame=false}, InsetsSource: {mType=ITYPE_BOTTOM_MANDATORY_GESTURES, mFrame=[0,2310][1080,2400], mVisible=true, mInsetsRoundedCornerFrame=false}, InsetsSource: {mType=ITYPE_LEFT_DISPLAY_CUTOUT, mFrame=[0,0][-100000,2400], mVisible=true, mInsetsRoundedCornerFrame=false}, InsetsSource: {mType=ITYPE_TOP_DISPLAY_CUTOUT, mFrame=[0,0][1080,78], mVisible=true, mInsetsRoundedCornerFrame=false}, InsetsSource: {mType=ITYPE_RIGHT_DISPLAY_CUTOUT, mFrame=[100000,0][1080,2400], mVisible=true, mInsetsRoundedCornerFrame=false}, InsetsSource: {mType=ITYPE_BOTTOM_DISPLAY_CUTOUT, mFrame=[0,100000][1080,2400], mVisible=true, mInsetsRoundedCornerFrame=false}, InsetsSource: {mType=ITYPE_TOP_TAPPABLE_ELEMENT, mFrame=[0,0][1080,78], mVisible=true, mInsetsRoundedCornerFrame=false}, InsetsSource: {mType=ITYPE_BOTTOM_TAPPABLE_ELEMENT, mFrame=[0,0][0,0], mVisible=true, mInsetsRoundedCornerFrame=false} } host=com.example.pigeon/com.example.pigeon.MainActivity from=android.view.ViewRootImpl.setView:1732
04-25 22:18:31.791 29912 29912 I ViewRootImpl@6527a21[MainActivity]: setView = com.android.internal.policy.DecorView@6c38b04 TM=true
04-25 22:18:31.794 29912 29912 I MSHandlerLifeCycle: removeMultiSplitHandler: no exist. decor=DecorView@6c38b04[MainActivity]
04-25 22:18:32.086 29912 29912 I .example.pigeon: hiddenapi: Accessing hidden method Landroid/os/SystemProperties;->addChangeCallback(Ljava/lang/Runnable;)V (runtime_flags=0, domain=platform, api=unsupported) from Landroidx/compose/ui/platform/AndroidComposeView$Companion; (domain=app, TargetSdkVersion=35) using reflection: allowed
04-25 22:18:32.176 29912 29912 I ViewRootImpl@6527a21[MainActivity]: performTraversals params={(0,0)(fillxfill) sim={adjust=pan forwardNavigation} layoutInDisplayCutoutMode=always ty=BASE_APPLICATION wanim=0x1030309
04-25 22:18:32.176 29912 29912 I ViewRootImpl@6527a21[MainActivity]:   fl=81810100
04-25 22:18:32.176 29912 29912 I ViewRootImpl@6527a21[MainActivity]:   pfl=16020040
04-25 22:18:32.176 29912 29912 I ViewRootImpl@6527a21[MainActivity]:   vsysui=100
04-25 22:18:32.176 29912 29912 I ViewRootImpl@6527a21[MainActivity]:   bhv=DEFAULT
04-25 22:18:32.176 29912 29912 I ViewRootImpl@6527a21[MainActivity]:   fitSides= naviIconColor=0}
04-25 22:18:32.178 29912 29912 I ViewRootImpl@6527a21[MainActivity]: performTraversals mFirst=true windowShouldResize=true viewVisibilityChanged=false mForceNextWindowRelayout=false params={(0,0)(fillxfill) sim={adjust=pan forwardNavigation} layoutInDisplayCutoutMode=always ty=BASE_APPLICATION wanim=0x1030309
04-25 22:18:32.178 29912 29912 I ViewRootImpl@6527a21[MainActivity]:   fl=81810100
04-25 22:18:32.178 29912 29912 I ViewRootImpl@6527a21[MainActivity]:   pfl=16020040
04-25 22:18:32.178 29912 29912 I ViewRootImpl@6527a21[MainActivity]:   vsysui=100
04-25 22:18:32.178 29912 29912 I ViewRootImpl@6527a21[MainActivity]:   bhv=DEFAULT
04-25 22:18:32.178 29912 29912 I ViewRootImpl@6527a21[MainActivity]:   fitSides= naviIconColor=0}
04-25 22:18:32.193 29912 29912 I ViewRootImpl@6527a21[MainActivity]: updateBlastSurfaceIfNeeded mBlastBufferQueue=null isSameSurfaceControl=false
04-25 22:18:32.193 29912 29912 D BufferQueueConsumer: [](id:74d800000000,api:0,p:-1,c:29912) connect: controlledByApp=false
04-25 22:18:32.195 29912 29912 I BLASTBufferQueue: new BLASTBufferQueue, mName= ViewRootImpl@6527a21[MainActivity] mNativeObject= 0xb40000798e80cb00 sc.mNativeObject= 0xb40000799ac0c1c0 caller= android.view.ViewRootImpl.updateBlastSurfaceIfNeeded:2909 android.view.ViewRootImpl.relayoutWindow:9847 android.view.ViewRootImpl.performTraversals:3884 android.view.ViewRootImpl.doTraversal:3116 android.view.ViewRootImpl$TraversalRunnable.run:10885 android.view.Choreographer$CallbackRecord.run:1301 android.view.Choreographer$CallbackRecord.run:1309 android.view.Choreographer.doCallbacks:923 android.view.Choreographer.doFrame:852 android.view.Choreographer$FrameDisplayEventReceiver.run:1283 
04-25 22:18:32.195 29912 29912 I BLASTBufferQueue: update, w= 1080 h= 2400 mName = ViewRootImpl@6527a21[MainActivity] mNativeObject= 0xb40000798e80cb00 sc.mNativeObject= 0xb40000799ac0c1c0 format= -1 caller= android.graphics.BLASTBufferQueue.<init>:84 android.view.ViewRootImpl.updateBlastSurfaceIfNeeded:2909 android.view.ViewRootImpl.relayoutWindow:9847 android.view.ViewRootImpl.performTraversals:3884 android.view.ViewRootImpl.doTraversal:3116 android.view.ViewRootImpl$TraversalRunnable.run:10885 
04-25 22:18:32.197 29912 29912 E FBI     : Can't load library: dlopen failed: library "libmagtsync.so" not found
04-25 22:18:32.198 29912 29912 I ViewRootImpl@6527a21[MainActivity]: Relayout returned: old=(0,0,1080,2400) new=(0,0,1080,2400) req=(1080,2400)0 dur=15 res=0x3 s={true 0xb40000799adef000} ch=true seqId=0
04-25 22:18:32.200 29912 29912 I ViewRootImpl@6527a21[MainActivity]: mThreadedRenderer.initialize() mSurface={isValid=true 0xb40000799adef000} hwInitialized=true
04-25 22:18:32.202 29912 29944 D OpenGLRenderer: eglCreateWindowSurface
04-25 22:18:32.212 29912 29962 E ion     : ioctl c0044901 failed with code -1: Invalid argument
04-25 22:18:32.215 29912 29912 I ViewRootImpl@6527a21[MainActivity]: reportNextDraw android.view.ViewRootImpl.performTraversals:4438 android.view.ViewRootImpl.doTraversal:3116 android.view.ViewRootImpl$TraversalRunnable.run:10885 android.view.Choreographer$CallbackRecord.run:1301 android.view.Choreographer$CallbackRecord.run:1309 
04-25 22:18:32.216 29912 29912 I ViewRootImpl@6527a21[MainActivity]: Setup new sync id=0
04-25 22:18:32.216 29912 29912 I ViewRootImpl@6527a21[MainActivity]: Setting syncFrameCallback
04-25 22:18:32.217 29912 29912 I ViewRootImpl@6527a21[MainActivity]: registerCallbacksForSync syncBuffer=false
04-25 22:18:32.220 29912 29964 I ViewRootImpl@6527a21[MainActivity]: Received frameDrawingCallback syncResult=0 frameNum=1.
04-25 22:18:32.220 29912 29964 I ViewRootImpl@6527a21[MainActivity]: Setting up sync and frameCommitCallback
04-25 22:18:32.221 29912 29944 D hw-ProcessState: Binder ioctl to enable oneway spam detection failed: Invalid argument
04-25 22:18:32.230 29912 29944 I BLASTBufferQueue: [ViewRootImpl@6527a21[MainActivity]#0](f:0,a:0) onFrameAvailable the first frame is available
04-25 22:18:32.231 29912 29944 I BLASTBufferQueue: [ViewRootImpl@6527a21[MainActivity]#0](f:0,a:1) acquireNextBufferLocked size=1080x2400 mFrameNumber=1 applyTransaction=true mTimestamp=33879412435172(auto) mPendingTransactions.size=0 graphicBufferId=128471061757954 transform=0
04-25 22:18:32.231 29912 29944 I ViewRootImpl@6527a21[MainActivity]: Received frameCommittedCallback lastAttemptedDrawFrameNum=1 didProduceBuffer=true
04-25 22:18:32.233 29912 29944 D OpenGLRenderer: CFMS:: SetUp Pid : 29912    Tid : 29944
04-25 22:18:32.236 29912 29944 W Parcel  : Expecting binder but got null!
04-25 22:18:32.236 29912 29912 I ViewRootImpl@6527a21[MainActivity]: onSyncComplete
04-25 22:18:32.237 29912 29912 I ViewRootImpl@6527a21[MainActivity]: setupSync seqId=0 mSyncId=0 fn=1 caller=android.view.ViewRootImpl$$ExternalSyntheticLambda11.accept:6 android.window.SurfaceSyncer.lambda$setupSync$1$android-window-SurfaceSyncer:128 android.window.SurfaceSyncer$$ExternalSyntheticLambda1.accept:8 android.window.SurfaceSyncer$SyncSet.checkIfSyncIsComplete:382 android.window.SurfaceSyncer$SyncSet.markSyncReady:359 android.window.SurfaceSyncer.markSyncReady:151 android.view.ViewRootImpl.performTraversals:4503 
04-25 22:18:32.237 29912 29912 I ViewRootImpl@6527a21[MainActivity]: reportDrawFinished seqId=0 mSyncId=-1 fn=1 mSurfaceChangedTransaction=0xb40000799ab48600
04-25 22:18:32.238 29912 29912 I Choreographer: Skipped 32 frames!  The application may be doing too much work on its main thread.
04-25 22:18:32.258 29912 29912 I ViewRootImpl@6527a21[MainActivity]: MSG_WINDOW_FOCUS_CHANGED 1 0
04-25 22:18:32.260 29912 29912 I ViewRootImpl@6527a21[MainActivity]: mThreadedRenderer.initializeIfNeeded()#2 mSurface={isValid=true 0xb40000799adef000}
04-25 22:18:32.265 29912 29912 D InputMethodManager: startInputInner - Id : 0
04-25 22:18:32.265 29912 29912 I InputMethodManager: startInputInner - mService.startInputOrWindowGainedFocus
04-25 22:18:32.300 29912 29912 D InputMethodManager: startInputInner - Id : 0
04-25 22:18:32.301 29912 29912 D InsetsController: onStateChanged: InsetsState: {mDisplayFrame=Rect(0, 0 - 1080, 2400), mDisplayCutout=DisplayCutout{insets=Rect(0, 78 - 0, 0) waterfall=Insets{left=0, top=0, right=0, bottom=0} boundingRect={Bounds=[Rect(0, 0 - 0, 0), Rect(468, 0 - 612, 78), Rect(0, 0 - 0, 0), Rect(0, 0 - 0, 0)]} cutoutPathParserInfo={CutoutPathParserInfo{displayWidth=1080 displayHeight=2400 physicalDisplayWidth=1080 physicalDisplayHeight=2400 density={2.8125} cutoutSpec={M 0,0 H -25.6 V 27.73333333333333 H 25.6 V 0 H 0 Z @dp} rotation={0} scale={1.0} physicalPixelDisplaySizeRatio={1.0}}}}, mRoundedCorners=RoundedCorners{[RoundedCorner{position=TopLeft, radius=90, center=Point(90, 90)}, RoundedCorner{position=TopRight, radius=90, center=Point(990, 90)}, RoundedCorner{position=BottomRight, radius=90, center=Point(990, 2310)}, RoundedCorner{position=BottomLeft, radius=90, center=Point(90, 2310)}]}  mRoundedCornerFrame=Rect(0, 0 - 1080, 2400), mPrivacyIndicatorBounds=PrivacyIndicatorBounds {static bounds=Rect(956, 0 - 1080, 78) rotation=0}, mSources= { InsetsSource: {mType=ITYPE_STATUS_BAR, mFrame=[0,0][1080,78], mVisible=true, mInsetsRoundedCornerFrame=false}, InsetsSource: {mType=ITYPE_NAVIGATION_BAR, mFrame=[0,2358][1080,2400], mVisible=true, mInsetsRoundedCornerFrame=false}, InsetsSource: {mType=ITYPE_LEFT_GESTURES, mFrame=[0,0][84,2400], mVisible=true, mInsetsRoundedCornerFrame=false}, InsetsSource: {mType=ITYPE_RIGHT_GESTURES, mFrame=[996,0][1080,2400], mVisible=true, mInsetsRoundedCornerFrame=false}, InsetsSource: {mType=ITYPE_TOP_MANDATORY_GESTURES, mFrame=[0,0][1080,112], mVisible=true, mInsetsRoundedCornerFrame=false}, InsetsSource: {mType=ITYPE_BOTTOM_MANDATORY_GESTURES, mFrame=[0,2310][1080,2400], mVisible=true, mInsetsRoundedCornerFrame=false}, InsetsSource: {mType=ITYPE_LEFT_DISPLAY_CUTOUT, mFrame=[0,0][-100000,2400], mVisible=true, mInsetsRoundedCornerFrame=false}, InsetsSource: {mType=ITYPE_TOP_DISPLAY_CUTOUT, mFrame=[0,0][1080,78], mVisible=true, mInsetsRoundedCornerFrame=false}, InsetsSource: {mType=ITYPE_RIGHT_DISPLAY_CUTOUT, mFrame=[100000,0][1080,2400], mVisible=true, mInsetsRoundedCornerFrame=false}, InsetsSource: {mType=ITYPE_BOTTOM_DISPLAY_CUTOUT, mFrame=[0,100000][1080,2400], mVisible=true, mInsetsRoundedCornerFrame=false}, InsetsSource: {mType=ITYPE_TOP_TAPPABLE_ELEMENT, mFrame=[0,0][1080,78], mVisible=true, mInsetsRoundedCornerFrame=false}, InsetsSource: {mType=ITYPE_BOTTOM_TAPPABLE_ELEMENT, mFrame=[0,0][0,0], mVisible=true, mInsetsRoundedCornerFrame=false}, InsetsSource: {mType=ITYPE_IME, mFrame=[0,0][0,0], mVisibleFrame=[0,1392][1080,2400], mVisible=false, mInsetsRoundedCornerFrame=false} } host=com.example.pigeon/com.example.pigeon.MainActivity from=android.view.ViewRootImpl$ViewRootHandler.handleMessageImpl:6740
04-25 22:18:32.748 29912 29973 D [MESH_RADIO]: Executing PowerState change: PASSIVE (Sticky: false)
04-25 22:18:32.754 29912 29973 D [MESH_RADIO]: Power PASSIVE. Starting Advertising only (normal power).
04-25 22:18:32.754 29912 29973 D [MESH_RADIO]: Duty cycle stopped.
04-25 22:18:32.774 29912 29912 I .example.pigeon: hiddenapi: Accessing hidden field Landroid/graphics/Typeface;->sSystemFontMap:Ljava/util/Map; (runtime_flags=0, domain=platform, api=unsupported) from Lorg/maplibre/android/utils/FontUtils; (domain=app, TargetSdkVersion=35) using reflection: allowed
04-25 22:18:32.919 29912 29912 I SurfaceView@52361c4: onWindowVisibilityChanged(0) true org.maplibre.android.maps.renderer.surfaceview.MapLibreGLSurfaceView{52361c4 V.E...... ......I. 0,0-0,0} of ViewRootImpl@6527a21[MainActivity]
04-25 22:18:32.919 29912 29912 D SurfaceView@52361c4: updateSurface: has no frame
04-25 22:18:33.010 29912 29917 I .example.pigeon: Compiler allocated 6148KB to compile void android.view.ViewRootImpl.performTraversals()
04-25 22:18:33.029 29912 29912 I ViewRootImpl@6527a21[MainActivity]: performTraversals params={(0,0)(fillxfill) sim={adjust=pan} layoutInDisplayCutoutMode=always ty=BASE_APPLICATION wanim=0x1030309
04-25 22:18:33.029 29912 29912 I ViewRootImpl@6527a21[MainActivity]:   fl=81810100
04-25 22:18:33.029 29912 29912 I ViewRootImpl@6527a21[MainActivity]:   pfl=16020040
04-25 22:18:33.029 29912 29912 I ViewRootImpl@6527a21[MainActivity]:   vsysui=100
04-25 22:18:33.029 29912 29912 I ViewRootImpl@6527a21[MainActivity]:   bhv=DEFAULT
04-25 22:18:33.029 29912 29912 I ViewRootImpl@6527a21[MainActivity]:   fitSides= naviIconColor=0}
04-25 22:18:33.032 29912 29912 I ViewRootImpl@6527a21[MainActivity]: performTraversals mFirst=false windowShouldResize=false viewVisibilityChanged=false mForceNextWindowRelayout=false params={(0,0)(fillxfill) sim={adjust=pan} layoutInDisplayCutoutMode=always ty=BASE_APPLICATION fmt=TRANSLUCENT wanim=0x1030309
04-25 22:18:33.032 29912 29912 I ViewRootImpl@6527a21[MainActivity]:   fl=81810100
04-25 22:18:33.032 29912 29912 I ViewRootImpl@6527a21[MainActivity]:   pfl=16020040
04-25 22:18:33.032 29912 29912 I ViewRootImpl@6527a21[MainActivity]:   vsysui=100
04-25 22:18:33.032 29912 29912 I ViewRootImpl@6527a21[MainActivity]:   bhv=DEFAULT
04-25 22:18:33.032 29912 29912 I ViewRootImpl@6527a21[MainActivity]:   fitSides= naviIconColor=0}
04-25 22:18:33.040 29912 29912 I ViewRootImpl@6527a21[MainActivity]: updateBlastSurfaceIfNeeded mBlastBufferQueue=0xb40000798e80cb00 isSameSurfaceControl=true
04-25 22:18:33.040 29912 29912 I BLASTBufferQueue: update, w= 1080 h= 2400 mName = ViewRootImpl@6527a21[MainActivity] mNativeObject= 0xb40000798e80cb00 sc.mNativeObject= 0xb400007996430ec0 format= -3 caller= android.view.ViewRootImpl.updateBlastSurfaceIfNeeded:2898 android.view.ViewRootImpl.relayoutWindow:9847 android.view.ViewRootImpl.performTraversals:3884 android.view.ViewRootImpl.doTraversal:3116 android.view.ViewRootImpl$TraversalRunnable.run:10885 android.view.Choreographer$CallbackRecord.run:1301 
04-25 22:18:33.040 29912 29912 I ViewRootImpl@6527a21[MainActivity]: Relayout returned: old=(0,0,1080,2400) new=(0,0,1080,2400) req=(1080,2400)0 dur=7 res=0x0 s={true 0xb40000799adef000} ch=false seqId=0
04-25 22:18:33.072 29912 29912 D SurfaceView@52361c4: updateSurface: has no frame
04-25 22:18:33.115 29912 29912 I SurfaceView@52361c4: Changes: creating=true format=true size=true visible=true alpha=false hint=false mUseAlpha=false visible=true left=true top=true
04-25 22:18:33.121 29912 29912 D BufferQueueConsumer: [](id:74d800000001,api:0,p:-1,c:29912) connect: controlledByApp=false
04-25 22:18:33.122 29912 29912 I BLASTBufferQueue: update, w= 1080 h= 1807 mName = null mNativeObject= 0xb400007996372800 sc.mNativeObject= 0xb400007996512820 format= -2 caller= android.view.SurfaceView.createBlastSurfaceControls:1383 android.view.SurfaceView.updateSurface:1079 android.view.SurfaceView.lambda$new$0$android-view-SurfaceView:200 android.view.SurfaceView$$ExternalSyntheticLambda5.onPreDraw:2 android.view.ViewTreeObserver.dispatchOnPreDraw:1121 android.view.ViewRootImpl.performTraversals:4442 
04-25 22:18:33.122 29912 29912 I SurfaceView@52361c4: 86204868 Cur surface: Surface(name=null)/@0x352b4e1
04-25 22:18:33.123 29912 29912 I SurfaceView@52361c4: pST: sr = Rect(0, 326 - 1080, 2133) sw = 1080 sh = 1807
04-25 22:18:33.124 29912 29912 D SurfaceView@52361c4: performSurfaceTransaction RenderWorker position = [0, 326, 1080, 2133] surfaceSize = 1080x1807
04-25 22:18:33.125 29912 29912 I SurfaceView@52361c4: applyTransactionOnVriDraw: vri = ViewRootImpl@6527a21[MainActivity] fRS = false t = 0xb4000079964ee200 android.view.SurfaceView.performSurfaceTransaction:959 android.view.SurfaceView.updateSurface:1105 android.view.SurfaceView.lambda$new$0$android-view-SurfaceView:200 
04-25 22:18:33.125 29912 29912 I ViewRootImpl@6527a21[MainActivity]: applyTransactionOnDraw: mRemoved = false isHardwareEnabled = true t = 0xb4000079964ee200android.view.SurfaceView.applyTransactionOnVriDraw:2048 android.view.SurfaceView.performSurfaceTransaction:959 android.view.SurfaceView.updateSurface:1105 android.view.SurfaceView.lambda$new$0$android-view-SurfaceView:200 android.view.SurfaceView$$ExternalSyntheticLambda5.onPreDraw:2 
04-25 22:18:33.126 29912 29912 I SurfaceView@52361c4: updateSurface: mVisible = true mSurface.isValid() = true
04-25 22:18:33.126 29912 29912 I SurfaceView@52361c4: updateSurface: mSurfaceCreated = false surfaceChanged = true visibleChanged = true
04-25 22:18:33.126 29912 29912 I SurfaceView@52361c4: visibleChanged -- surfaceCreated
04-25 22:18:33.126 29912 29912 I SurfaceView@52361c4: surfaceCreated 1 #8 org.maplibre.android.maps.renderer.surfaceview.MapLibreGLSurfaceView{52361c4 V.E...... ......ID 0,0-1080,1807}
04-25 22:18:33.127 29912 29912 I SurfaceView@52361c4: surfaceChanged -- format=-2 w=1080 h=1807
04-25 22:18:33.127 29912 29912 I SurfaceView@52361c4: surfaceChanged (1080,1807) 1 #8 org.maplibre.android.maps.renderer.surfaceview.MapLibreGLSurfaceView{52361c4 V.E...... ......ID 0,0-1080,1807}
04-25 22:18:33.127 29912 29912 I SurfaceView@52361c4: surfaceRedrawNeeded
04-25 22:18:33.128 29912 29982 D libMEOW : meow new tls: 0xb40000799653eac0
04-25 22:18:33.128 29912 29982 D libMEOW : applied 2 plugins for [com.example.pigeon]:
04-25 22:18:33.128 29912 29982 D libMEOW :   plugin 1: [libMEOW_gift.so]:
04-25 22:18:33.128 29912 29982 D libMEOW :   plugin 2: [libMEOW_semaphore]:
04-25 22:18:33.129 29912 29982 I Mbgl-EGLConfigChooser: In emulator: false
04-25 22:18:33.134 29912 29912 V SurfaceView@52361c4: Layout: x=0 y=326 w=1080 h=1807, frame=Rect(0, 0 - 1080, 1807)
04-25 22:18:33.141 29912 29982 I BLASTBufferQueue: [SurfaceView[com.example.pigeon/com.example.pigeon.MainActivity]@0#1](f:0,a:0) onFrameAvailable the first frame is available
04-25 22:18:33.142 29912 29982 I BLASTBufferQueue: [SurfaceView[com.example.pigeon/com.example.pigeon.MainActivity]@0#1](f:0,a:1) acquireNextBufferLocked size=1080x1807 mFrameNumber=1 applyTransaction=true mTimestamp=33880323387557(auto) mPendingTransactions.size=0 graphicBufferId=128471061757955 transform=0
04-25 22:18:33.195 29912 29963 I ViewRootImpl@6527a21[MainActivity]: mWNT: t=0xb4000079964ee200 mBlastBufferQueue=0xb40000798e80cb00 fn= 2 caller= android.view.ViewRootImpl.lambda$applyTransactionOnDraw$11$android-view-ViewRootImpl:12865 android.view.ViewRootImpl$$ExternalSyntheticLambda1.onFrameDraw:4 android.graphics.HardwareRenderer$FrameDrawingCallback.onFrameDraw:924 
04-25 22:18:33.196 29912 29964 D SurfaceView@52361c4: updateSurfacePosition RenderWorker, frameNr = 2, position = [0, 326, 1080, 2133] surfaceSize = 1080x1807
04-25 22:18:33.196 29912 29964 I SurfaceView@52361c4: uSP: rtp = Rect(0, 326 - 1080, 2133) rtsw = 1080 rtsh = 1807
04-25 22:18:33.197 29912 29964 I SurfaceView@52361c4: onSSPAndSRT: pl = 0 pt = 326 sx = 1.0 sy = 1.0
04-25 22:18:33.197 29912 29964 I SurfaceView@52361c4: aOrMT: ViewRootImpl@6527a21[MainActivity] t = android.view.SurfaceControl$Transaction@ec5e4 fN = 2 android.view.SurfaceView.-$$Nest$mapplyOrMergeTransaction:0 android.view.SurfaceView$SurfaceViewPositionUpdateListener.positionChanged:1537 android.graphics.RenderNode$CompositePositionUpdateListener.positionChanged:373 
04-25 22:18:33.198 29912 29964 I ViewRootImpl@6527a21[MainActivity]: mWNT: t=0xb4000079964ee300 mBlastBufferQueue=0xb40000798e80cb00 fn= 2 caller= android.view.SurfaceView.applyOrMergeTransaction:1455 android.view.SurfaceView.-$$Nest$mapplyOrMergeTransaction:0 android.view.SurfaceView$SurfaceViewPositionUpdateListener.positionChanged:1537 
04-25 22:18:33.199 29912 29985 I Mbgl    : {RenderThread 88}[General]: GPU Identifier: Mali-G52 MC2
04-25 22:18:33.235 29912 29924 I OpenGLRenderer: Davey! duration=918ms; Flags=0, FrameTimelineVsyncId=7225375, IntendedVsync=33879487804883, Vsync=33879487804883, InputEventId=0, HandleInputStart=33879489999557, AnimationStart=33879490018249, PerformTraversalsStart=33879545255557, DrawStart=33880316774634, FrameDeadline=33879498915994, FrameInterval=33879489973095, FrameStartTime=11065451, SyncQueued=33880376251557, SyncStart=33880376400095, IssueDrawCommandsStart=33880376658634, SwapBuffers=33880399681095, FrameCompleted=33880406495172, DequeueBufferDuration=27770, QueueBufferDuration=516616, GpuCompleted=33880406495172, SwapBuffersCompleted=33880403320480, DisplayPresentTime=0, CommandSubmissionCompleted=33880399681095, 
04-25 22:18:33.271 29912 29912 I Choreographer: Skipped 82 frames!  The application may be doing too much work on its main thread.
04-25 22:18:33.330 29912 29912 V Mbgl-ConnectivityReceiver: connected - false
04-25 22:18:33.339 29912 29924 I OpenGLRenderer: Davey! duration=973ms; Flags=0, FrameTimelineVsyncId=7225429, IntendedVsync=33879543129199, Vsync=33880450481667, InputEventId=0, HandleInputStart=33880453424095, AnimationStart=33880453426326, PerformTraversalsStart=33880500918634, DrawStart=33880506192403, FrameDeadline=33879565305584, FrameInterval=33880453295480, FrameStartTime=11065274, SyncQueued=33880507936403, SyncStart=33880508089095, IssueDrawCommandsStart=33880508234941, SwapBuffers=33880511875557, FrameCompleted=33880517045634, DequeueBufferDuration=27076, QueueBufferDuration=499616, GpuCompleted=33880517045634, SwapBuffersCompleted=33880513944403, DisplayPresentTime=0, CommandSubmissionCompleted=33880511875557, 
04-25 22:18:33.368 29912 29912 D MAP_DEBUG: 🔄 Initializing with Permanent Offline Style: mbtiles:///data/user/0/com.example.pigeon/files/lebanon_base.mbtiles
04-25 22:18:33.546 29912 29912 D SensorManager: registerListener :: 1936879478, Samsung Rotation Vector Sensor, 100000, 0, 
04-25 22:18:33.579 29912 29912 I SurfaceView@52361c4: finishedDrawing
04-25 22:18:33.689 29912 29912 W MAP_DEBUG: ⚠️ Style Image Missing: 
04-25 22:18:33.700 29912 29912 D MAP_DEBUG: 📍 Initial Camera to Lebanon Center
04-25 22:18:34.023 29912 29912 D [MESH_RADIO]: Advertising started (lowPower=false).
04-25 22:18:35.184 29912 29917 I .example.pigeon: Compiler allocated 7547KB to compile void com.example.pigeon.ui.screens.map.MapScreenKt.MapScreen(com.example.pigeon.ui.screens.map.MapViewModel, com.example.pigeon.ui.screens.map.ReportViewModel, com.example.pigeon.ui.screens.map.EventDetailViewModel, java.lang.String, kotlin.jvm.functions.Function0, androidx.compose.runtime.Composer, int, int)
04-25 22:18:35.252 29912 29917 I .example.pigeon: Compiler allocated 4642KB to compile void com.example.pigeon.ui.screens.map.MapScreenKt$MeshHeader$1.invoke(androidx.compose.runtime.Composer, int)
04-25 22:18:35.727 29912 29912 I ViewRootImpl@6527a21[MainActivity]: ViewPostIme pointer 0
04-25 22:18:35.735 29912 29912 I GestureDetector: obtain mCurrentDownEvent. id: 675523941 caller: org.maplibre.android.gestures.StandardScaleGestureDetector.analyzeEvent:159 org.maplibre.android.gestures.BaseGesture.analyze:61 org.maplibre.android.gestures.BaseGesture.onTouchEvent:39 
04-25 22:18:35.737 29912 29912 I GestureDetector: obtain mCurrentDownEvent. id: 675523941 caller: org.maplibre.android.gestures.StandardGestureDetector.analyzeEvent:147 org.maplibre.android.gestures.BaseGesture.analyze:61 org.maplibre.android.gestures.BaseGesture.onTouchEvent:39 
04-25 22:18:35.738 29912 29912 I GestureDetector: obtain mCurrentDownEvent. id: 675523941 caller: org.maplibre.android.gestures.StandardScaleGestureDetector.analyzeEvent:159 org.maplibre.android.gestures.BaseGesture.analyze:61 org.maplibre.android.gestures.BaseGesture.onTouchEvent:39 
04-25 22:18:35.739 29912 29912 I GestureDetector: obtain mCurrentDownEvent. id: 675523941 caller: org.maplibre.android.gestures.StandardGestureDetector.analyzeEvent:147 org.maplibre.android.gestures.BaseGesture.analyze:61 org.maplibre.android.gestures.BaseGesture.onTouchEvent:39 
04-25 22:18:35.746 29912 29912 I GestureDetector: obtain mCurrentMotionEventRaw. action: 2 id: 981519066
04-25 22:18:35.752 29912 29912 I GestureDetector: obtain mCurrentMotionEventRaw. action: 2 id: 981519066
04-25 22:18:35.752 29912 29912 I GestureDetector: obtain mCurrentMotionEventRaw. action: 2 id: 981519066
04-25 22:18:35.753 29912 29912 I GestureDetector: obtain mCurrentMotionEventRaw. action: 2 id: 981519066
04-25 22:18:35.836 29912 29912 I ViewRootImpl@6527a21[MainActivity]: ViewPostIme pointer 1
04-25 22:18:36.004 29912 29912 I ViewRootImpl@6527a21[MainActivity]: ViewPostIme pointer 0
04-25 22:18:36.007 29912 29912 I GestureDetector: obtain mCurrentDownEvent. id: 20145492 caller: org.maplibre.android.gestures.StandardScaleGestureDetector.analyzeEvent:159 org.maplibre.android.gestures.BaseGesture.analyze:61 org.maplibre.android.gestures.BaseGesture.onTouchEvent:39 
04-25 22:18:36.008 29912 29912 I GestureDetector: obtain mCurrentDownEvent. id: 20145492 caller: org.maplibre.android.gestures.StandardGestureDetector.analyzeEvent:147 org.maplibre.android.gestures.BaseGesture.analyze:61 org.maplibre.android.gestures.BaseGesture.onTouchEvent:39 
04-25 22:18:36.009 29912 29912 I GestureDetector: obtain mCurrentDownEvent. id: 20145492 caller: org.maplibre.android.gestures.StandardScaleGestureDetector.analyzeEvent:159 org.maplibre.android.gestures.BaseGesture.analyze:61 org.maplibre.android.gestures.BaseGesture.onTouchEvent:39 
04-25 22:18:36.010 29912 29912 I GestureDetector: obtain mCurrentDownEvent. id: 20145492 caller: org.maplibre.android.gestures.StandardGestureDetector.analyzeEvent:147 org.maplibre.android.gestures.BaseGesture.analyze:61 org.maplibre.android.gestures.BaseGesture.onTouchEvent:39 
04-25 22:18:36.036 29912 29912 I GestureDetector: obtain mCurrentMotionEventRaw. action: 2 id: 766985843
04-25 22:18:36.041 29912 29912 I GestureDetector: obtain mCurrentMotionEventRaw. action: 2 id: 766985843
04-25 22:18:36.041 29912 29912 I GestureDetector: obtain mCurrentMotionEventRaw. action: 2 id: 766985843
04-25 22:18:36.042 29912 29912 I GestureDetector: obtain mCurrentMotionEventRaw. action: 2 id: 766985843
04-25 22:18:36.170 29912 29912 I ViewRootImpl@6527a21[MainActivity]: ViewPostIme pointer 1
04-25 22:18:36.280 29912 29912 I ViewRootImpl@6527a21[MainActivity]: ViewPostIme pointer 0
04-25 22:18:36.283 29912 29912 I GestureDetector: obtain mCurrentDownEvent. id: 589751366 caller: org.maplibre.android.gestures.StandardScaleGestureDetector.analyzeEvent:159 org.maplibre.android.gestures.BaseGesture.analyze:61 org.maplibre.android.gestures.BaseGesture.onTouchEvent:39 
04-25 22:18:36.284 29912 29912 I GestureDetector: obtain mCurrentDownEvent. id: 589751366 caller: org.maplibre.android.gestures.StandardGestureDetector.analyzeEvent:147 org.maplibre.android.gestures.BaseGesture.analyze:61 org.maplibre.android.gestures.BaseGesture.onTouchEvent:39 
04-25 22:18:36.285 29912 29912 I GestureDetector: obtain mCurrentDownEvent. id: 589751366 caller: org.maplibre.android.gestures.StandardScaleGestureDetector.analyzeEvent:159 org.maplibre.android.gestures.BaseGesture.analyze:61 org.maplibre.android.gestures.BaseGesture.onTouchEvent:39 
04-25 22:18:36.286 29912 29912 I GestureDetector: obtain mCurrentDownEvent. id: 589751366 caller: org.maplibre.android.gestures.StandardGestureDetector.analyzeEvent:147 org.maplibre.android.gestures.BaseGesture.analyze:61 org.maplibre.android.gestures.BaseGesture.onTouchEvent:39 
04-25 22:18:36.344 29912 29912 I GestureDetector: obtain mCurrentMotionEventRaw. action: 2 id: 507424861
04-25 22:18:36.348 29912 29912 I GestureDetector: obtain mCurrentMotionEventRaw. action: 2 id: 507424861
04-25 22:18:36.348 29912 29912 I GestureDetector: obtain mCurrentMotionEventRaw. action: 2 id: 507424861
04-25 22:18:36.349 29912 29912 I GestureDetector: obtain mCurrentMotionEventRaw. action: 2 id: 507424861
04-25 22:18:36.451 29912 29912 I ViewRootImpl@6527a21[MainActivity]: ViewPostIme pointer 1
04-25 22:18:36.614 29912 29912 I ViewRootImpl@6527a21[MainActivity]: ViewPostIme pointer 0
04-25 22:18:36.617 29912 29912 I GestureDetector: obtain mCurrentDownEvent. id: 422906949 caller: org.maplibre.android.gestures.StandardScaleGestureDetector.analyzeEvent:159 org.maplibre.android.gestures.BaseGesture.analyze:61 org.maplibre.android.gestures.BaseGesture.onTouchEvent:39 
04-25 22:18:36.618 29912 29912 I GestureDetector: obtain mCurrentDownEvent. id: 422906949 caller: org.maplibre.android.gestures.StandardGestureDetector.analyzeEvent:147 org.maplibre.android.gestures.BaseGesture.analyze:61 org.maplibre.android.gestures.BaseGesture.onTouchEvent:39 
04-25 22:18:36.619 29912 29912 I GestureDetector: obtain mCurrentDownEvent. id: 422906949 caller: org.maplibre.android.gestures.StandardScaleGestureDetector.analyzeEvent:159 org.maplibre.android.gestures.BaseGesture.analyze:61 org.maplibre.android.gestures.BaseGesture.onTouchEvent:39 
04-25 22:18:36.620 29912 29912 I GestureDetector: obtain mCurrentDownEvent. id: 422906949 caller: org.maplibre.android.gestures.StandardGestureDetector.analyzeEvent:147 org.maplibre.android.gestures.BaseGesture.analyze:61 org.maplibre.android.gestures.BaseGesture.onTouchEvent:39 
04-25 22:18:36.656 29912 29912 I GestureDetector: obtain mCurrentMotionEventRaw. action: 2 id: 330473994
04-25 22:18:36.664 29912 29912 I GestureDetector: obtain mCurrentMotionEventRaw. action: 2 id: 330473994
04-25 22:18:36.665 29912 29912 I GestureDetector: obtain mCurrentMotionEventRaw. action: 2 id: 330473994
04-25 22:18:36.666 29912 29912 I GestureDetector: obtain mCurrentMotionEventRaw. action: 2 id: 330473994
04-25 22:18:36.993 29912 29912 I ViewRootImpl@6527a21[MainActivity]: ViewPostIme pointer 1
04-25 22:18:37.100 29912 30028 D ProfileInstaller: Installing profile for com.example.pigeon
04-25 22:18:37.113 29912 29912 I ViewRootImpl@6527a21[MainActivity]: ViewPostIme pointer 0
04-25 22:18:37.116 29912 29912 I GestureDetector: obtain mCurrentDownEvent. id: 114313723 caller: org.maplibre.android.gestures.StandardScaleGestureDetector.analyzeEvent:159 org.maplibre.android.gestures.BaseGesture.analyze:61 org.maplibre.android.gestures.BaseGesture.onTouchEvent:39 
04-25 22:18:37.117 29912 29912 I GestureDetector: obtain mCurrentDownEvent. id: 114313723 caller: org.maplibre.android.gestures.StandardGestureDetector.analyzeEvent:147 org.maplibre.android.gestures.BaseGesture.analyze:61 org.maplibre.android.gestures.BaseGesture.onTouchEvent:39 
04-25 22:18:37.118 29912 29912 I GestureDetector: obtain mCurrentDownEvent. id: 114313723 caller: org.maplibre.android.gestures.StandardScaleGestureDetector.analyzeEvent:159 org.maplibre.android.gestures.BaseGesture.analyze:61 org.maplibre.android.gestures.BaseGesture.onTouchEvent:39 
04-25 22:18:37.119 29912 29912 I GestureDetector: obtain mCurrentDownEvent. id: 114313723 caller: org.maplibre.android.gestures.StandardGestureDetector.analyzeEvent:147 org.maplibre.android.gestures.BaseGesture.analyze:61 org.maplibre.android.gestures.BaseGesture.onTouchEvent:39 
04-25 22:18:37.181 29912 29912 I GestureDetector: obtain mCurrentMotionEventRaw. action: 2 id: 864883382
04-25 22:18:37.188 29912 29912 I GestureDetector: obtain mCurrentMotionEventRaw. action: 2 id: 864883382
04-25 22:18:37.188 29912 29912 I GestureDetector: obtain mCurrentMotionEventRaw. action: 2 id: 864883382
04-25 22:18:37.189 29912 29912 I GestureDetector: obtain mCurrentMotionEventRaw. action: 2 id: 864883382
04-25 22:18:37.920 29912 29912 I ViewRootImpl@6527a21[MainActivity]: ViewPostIme pointer 1
04-25 22:18:38.352 29912 29912 I ViewRootImpl@6527a21[MainActivity]: ViewPostIme pointer 0
04-25 22:18:38.390 29912 29912 I ViewRootImpl@6527a21[MainActivity]: ViewPostIme pointer 1
04-25 22:18:38.431 29912 29912 I Dialog  : mIsDeviceDefault = false, mIsSamsungBasicInteraction = false, isMetaDataInActivity = false
04-25 22:18:38.434 29912 29912 I DecorView: [INFO] isPopOver=false config=false
04-25 22:18:38.434 29912 29912 I DecorView: updateCaptionType: isFloating=false isApplication=true hasWindowDecorCaption=false this=DecorView@48f67a9[]
04-25 22:18:38.434 29912 29912 D DecorView: setCaptionType = 0, this = DecorView@48f67a9[]
04-25 22:18:38.435 29912 29912 I DecorView: getCurrentDensityDpi: from app context. densityDpi=450 msg=resources_loaded
04-25 22:18:38.435 29912 29912 I DecorView: setWindowBackground: isPopOver=false color=0 d=android.graphics.drawable.ColorDrawable@1fb44cf
04-25 22:18:38.455 29912 29944 D NativeCustomFrequencyManager: [NativeCFMS] BpCustomFrequencyManager::BpCustomFrequencyManager()
04-25 22:18:38.456 29912 29912 I DecorView: notifyKeepScreenOnChanged: keepScreenOn=false
04-25 22:18:38.466 29912 29912 D InsetsController: onStateChanged: InsetsState: {mDisplayFrame=Rect(0, 0 - 1080, 2400), mDisplayCutout=DisplayCutout{insets=Rect(0, 78 - 0, 0) waterfall=Insets{left=0, top=0, right=0, bottom=0} boundingRect={Bounds=[Rect(0, 0 - 0, 0), Rect(468, 0 - 612, 78), Rect(0, 0 - 0, 0), Rect(0, 0 - 0, 0)]} cutoutPathParserInfo={CutoutPathParserInfo{displayWidth=1080 displayHeight=2400 physicalDisplayWidth=1080 physicalDisplayHeight=2400 density={2.8125} cutoutSpec={M 0,0 H -25.6 V 27.73333333333333 H 25.6 V 0 H 0 Z @dp} rotation={0} scale={1.0} physicalPixelDisplaySizeRatio={1.0}}}}, mRoundedCorners=RoundedCorners{[RoundedCorner{position=TopLeft, radius=90, center=Point(90, 90)}, RoundedCorner{position=TopRight, radius=90, center=Point(990, 90)}, RoundedCorner{position=BottomRight, radius=90, center=Point(990, 2310)}, RoundedCorner{position=BottomLeft, radius=90, center=Point(90, 2310)}]}  mRoundedCornerFrame=Rect(0, 0 - 1080, 2400), mPrivacyIndicatorBounds=PrivacyIndicatorBounds {static bounds=Rect(956, 0 - 1080, 78) rotation=0}, mSources= { InsetsSource: {mType=ITYPE_STATUS_BAR, mFrame=[0,0][1080,78], mVisible=true, mInsetsRoundedCornerFrame=false}, InsetsSource: {mType=ITYPE_NAVIGATION_BAR, mFrame=[0,2358][1080,2400], mVisible=true, mInsetsRoundedCornerFrame=false}, InsetsSource: {mType=ITYPE_LEFT_GESTURES, mFrame=[0,0][84,2400], mVisible=true, mInsetsRoundedCornerFrame=false}, InsetsSource: {mType=ITYPE_RIGHT_GESTURES, mFrame=[996,0][1080,2400], mVisible=true, mInsetsRoundedCornerFrame=false}, InsetsSource: {mType=ITYPE_TOP_MANDATORY_GESTURES, mFrame=[0,0][1080,112], mVisible=true, mInsetsRoundedCornerFrame=false}, InsetsSource: {mType=ITYPE_BOTTOM_MANDATORY_GESTURES, mFrame=[0,2310][1080,2400], mVisible=true, mInsetsRoundedCornerFrame=false}, InsetsSource: {mType=ITYPE_LEFT_DISPLAY_CUTOUT, mFrame=[0,0][-100000,2400], mVisible=true, mInsetsRoundedCornerFrame=false}, InsetsSource: {mType=ITYPE_TOP_DISPLAY_CUTOUT, mFrame=[0,0][1080,78], mVisible=true, mInsetsRoundedCornerFrame=false}, InsetsSource: {mType=ITYPE_RIGHT_DISPLAY_CUTOUT, mFrame=[100000,0][1080,2400], mVisible=true, mInsetsRoundedCornerFrame=false}, InsetsSource: {mType=ITYPE_BOTTOM_DISPLAY_CUTOUT, mFrame=[0,100000][1080,2400], mVisible=true, mInsetsRoundedCornerFrame=false}, InsetsSource: {mType=ITYPE_TOP_TAPPABLE_ELEMENT, mFrame=[0,0][1080,78], mVisible=true, mInsetsRoundedCornerFrame=false}, InsetsSource: {mType=ITYPE_BOTTOM_TAPPABLE_ELEMENT, mFrame=[0,0][0,0], mVisible=true, mInsetsRoundedCornerFrame=false}, InsetsSource: {mType=ITYPE_IME, mFrame=[0,0][0,0], mVisibleFrame=[0,1392][1080,2400], mVisible=false, mInsetsRoundedCornerFrame=false} } host=com.example.pigeon/com.example.pigeon.MainActivity from=android.view.ViewRootImpl.setView:1732
04-25 22:18:38.468 29912 29912 I ViewRootImpl@a0527b7[MainActivity]: setView = com.android.internal.policy.DecorView@48f67a9 TM=true
04-25 22:18:38.468 29912 29912 I DecorView: notifyKeepScreenOnChanged: keepScreenOn=false
04-25 22:18:38.469 29912 29912 I DecorView: notifyKeepScreenOnChanged: keepScreenOn=false
04-25 22:18:38.469 29912 29912 I DecorView: notifyKeepScreenOnChanged: keepScreenOn=false
04-25 22:18:38.739 29912 29912 I ViewRootImpl@a0527b7[MainActivity]: performTraversals params={(0,0)(fillxfill) gr=CENTER sim={adjust=nothing} layoutInDisplayCutoutMode=always ty=APPLICATION fmt=TRANSPARENT wanim=0x10302f7
04-25 22:18:38.739 29912 29912 I ViewRootImpl@a0527b7[MainActivity]:   fl=81810100
04-25 22:18:38.739 29912 29912 I ViewRootImpl@a0527b7[MainActivity]:   pfl=16020040
04-25 22:18:38.739 29912 29912 I ViewRootImpl@a0527b7[MainActivity]:   vsysui=100
04-25 22:18:38.739 29912 29912 I ViewRootImpl@a0527b7[MainActivity]:   bhv=DEFAULT
04-25 22:18:38.739 29912 29912 I ViewRootImpl@a0527b7[MainActivity]:   fitSides= naviIconColor=0}
04-25 22:18:38.740 29912 29912 I ViewRootImpl@a0527b7[MainActivity]: performTraversals mFirst=true windowShouldResize=true viewVisibilityChanged=false mForceNextWindowRelayout=false params={(0,0)(fillxfill) gr=CENTER sim={adjust=nothing} layoutInDisplayCutoutMode=always ty=APPLICATION fmt=TRANSPARENT wanim=0x10302f7
04-25 22:18:38.740 29912 29912 I ViewRootImpl@a0527b7[MainActivity]:   fl=81810100
04-25 22:18:38.740 29912 29912 I ViewRootImpl@a0527b7[MainActivity]:   pfl=16020040
04-25 22:18:38.740 29912 29912 I ViewRootImpl@a0527b7[MainActivity]:   vsysui=100
04-25 22:18:38.740 29912 29912 I ViewRootImpl@a0527b7[MainActivity]:   bhv=DEFAULT
04-25 22:18:38.740 29912 29912 I ViewRootImpl@a0527b7[MainActivity]:   fitSides= naviIconColor=0}
04-25 22:18:38.751 29912 29912 I ViewRootImpl@a0527b7[MainActivity]: updateBlastSurfaceIfNeeded mBlastBufferQueue=null isSameSurfaceControl=false
04-25 22:18:38.751 29912 29912 D BufferQueueConsumer: [](id:74d800000002,api:0,p:-1,c:29912) connect: controlledByApp=false
04-25 22:18:38.752 29912 29912 I BLASTBufferQueue: new BLASTBufferQueue, mName= ViewRootImpl@a0527b7[MainActivity] mNativeObject= 0xb40000799ac00b00 sc.mNativeObject= 0xb4000078e63fe4e0 caller= android.view.ViewRootImpl.updateBlastSurfaceIfNeeded:2909 android.view.ViewRootImpl.relayoutWindow:9847 android.view.ViewRootImpl.performTraversals:3884 android.view.ViewRootImpl.doTraversal:3116 android.view.ViewRootImpl$TraversalRunnable.run:10885 android.view.Choreographer$CallbackRecord.run:1301 android.view.Choreographer$CallbackRecord.run:1309 android.view.Choreographer.doCallbacks:923 android.view.Choreographer.doFrame:852 android.view.Choreographer$FrameDisplayEventReceiver.run:1283 
04-25 22:18:38.752 29912 29912 I BLASTBufferQueue: update, w= 1080 h= 2400 mName = ViewRootImpl@a0527b7[MainActivity] mNativeObject= 0xb40000799ac00b00 sc.mNativeObject= 0xb4000078e63fe4e0 format= -2 caller= android.graphics.BLASTBufferQueue.<init>:84 android.view.ViewRootImpl.updateBlastSurfaceIfNeeded:2909 android.view.ViewRootImpl.relayoutWindow:9847 android.view.ViewRootImpl.performTraversals:3884 android.view.ViewRootImpl.doTraversal:3116 android.view.ViewRootImpl$TraversalRunnable.run:10885 
04-25 22:18:38.753 29912 29912 I ViewRootImpl@a0527b7[MainActivity]: Relayout returned: old=(0,0,1080,2400) new=(0,0,1080,2400) req=(1080,2400)0 dur=11 res=0x3 s={true 0xb4000078e72b6000} ch=true seqId=0
04-25 22:18:38.754 29912 29912 I ViewRootImpl@a0527b7[MainActivity]: mThreadedRenderer.initialize() mSurface={isValid=true 0xb4000078e72b6000} hwInitialized=true
04-25 22:18:38.754 29912 29944 D OpenGLRenderer: eglCreateWindowSurface
04-25 22:18:38.800 29912 29912 I ViewRootImpl@a0527b7[MainActivity]: reportNextDraw android.view.ViewRootImpl.performTraversals:4438 android.view.ViewRootImpl.doTraversal:3116 android.view.ViewRootImpl$TraversalRunnable.run:10885 android.view.Choreographer$CallbackRecord.run:1301 android.view.Choreographer$CallbackRecord.run:1309 
04-25 22:18:38.800 29912 29912 I ViewRootImpl@a0527b7[MainActivity]: Setup new sync id=0
04-25 22:18:38.800 29912 29912 I ViewRootImpl@a0527b7[MainActivity]: Setting syncFrameCallback
04-25 22:18:38.800 29912 29912 I ViewRootImpl@a0527b7[MainActivity]: registerCallbacksForSync syncBuffer=false
04-25 22:18:38.838 29912 29963 I ViewRootImpl@a0527b7[MainActivity]: Received frameDrawingCallback syncResult=0 frameNum=1.
04-25 22:18:38.839 29912 29963 I ViewRootImpl@a0527b7[MainActivity]: Setting up sync and frameCommitCallback
04-25 22:18:38.841 29912 29944 I BLASTBufferQueue: [ViewRootImpl@a0527b7[MainActivity]#2](f:0,a:0) onFrameAvailable the first frame is available
04-25 22:18:38.842 29912 29944 I BLASTBufferQueue: [ViewRootImpl@a0527b7[MainActivity]#2](f:0,a:1) acquireNextBufferLocked size=1080x2400 mFrameNumber=1 applyTransaction=true mTimestamp=33886023856788(auto) mPendingTransactions.size=0 graphicBufferId=128471061757960 transform=0
04-25 22:18:38.842 29912 29944 I ViewRootImpl@a0527b7[MainActivity]: Received frameCommittedCallback lastAttemptedDrawFrameNum=1 didProduceBuffer=true
04-25 22:18:38.843 29912 29944 D OpenGLRenderer: CFMS:: SetUp Pid : 29912    Tid : 29944
04-25 22:18:38.844 29912 29944 W Parcel  : Expecting binder but got null!
04-25 22:18:38.844 29912 29912 I ViewRootImpl@a0527b7[MainActivity]: onSyncComplete
04-25 22:18:38.844 29912 29912 I ViewRootImpl@a0527b7[MainActivity]: setupSync seqId=0 mSyncId=0 fn=1 caller=android.view.ViewRootImpl$$ExternalSyntheticLambda11.accept:6 android.window.SurfaceSyncer.lambda$setupSync$1$android-window-SurfaceSyncer:128 android.window.SurfaceSyncer$$ExternalSyntheticLambda1.accept:8 android.window.SurfaceSyncer$SyncSet.checkIfSyncIsComplete:382 android.window.SurfaceSyncer$SyncSet.markSyncReady:359 android.window.SurfaceSyncer.markSyncReady:151 android.view.ViewRootImpl.performTraversals:4503 
04-25 22:18:38.846 29912 29912 I ViewRootImpl@a0527b7[MainActivity]: reportDrawFinished seqId=0 mSyncId=-1 fn=1 mSurfaceChangedTransaction=0xb40000799663be00
04-25 22:18:38.852 29912 29912 I Choreographer: Skipped 40 frames!  The application may be doing too much work on its main thread.
04-25 22:18:38.877 29912 29912 I DecorView: notifyKeepScreenOnChanged: keepScreenOn=false
04-25 22:18:38.877 29912 29912 I DecorView: notifyKeepScreenOnChanged: keepScreenOn=false
04-25 22:18:38.877 29912 29912 I DecorView: notifyKeepScreenOnChanged: keepScreenOn=false
04-25 22:18:38.879 29912 29912 I ViewRootImpl@a0527b7[MainActivity]: performTraversals params={(0,0)(fillxfill) gr=CENTER sim={adjust=nothing} layoutInDisplayCutoutMode=always ty=APPLICATION fmt=TRANSPARENT wanim=0x10302f7
04-25 22:18:38.879 29912 29912 I ViewRootImpl@a0527b7[MainActivity]:   fl=81810100
04-25 22:18:38.879 29912 29912 I ViewRootImpl@a0527b7[MainActivity]:   pfl=16020040
04-25 22:18:38.879 29912 29912 I ViewRootImpl@a0527b7[MainActivity]:   vsysui=100
04-25 22:18:38.879 29912 29912 I ViewRootImpl@a0527b7[MainActivity]:   bhv=DEFAULT
04-25 22:18:38.879 29912 29912 I ViewRootImpl@a0527b7[MainActivity]:   fitSides= naviIconColor=0}
04-25 22:18:38.880 29912 29912 I ViewRootImpl@a0527b7[MainActivity]: performTraversals mFirst=false windowShouldResize=false viewVisibilityChanged=false mForceNextWindowRelayout=false params={(0,0)(fillxfill) gr=CENTER sim={adjust=nothing} layoutInDisplayCutoutMode=always ty=APPLICATION fmt=TRANSPARENT wanim=0x10302f7
04-25 22:18:38.880 29912 29912 I ViewRootImpl@a0527b7[MainActivity]:   fl=81810100
04-25 22:18:38.880 29912 29912 I ViewRootImpl@a0527b7[MainActivity]:   pfl=16020040
04-25 22:18:38.880 29912 29912 I ViewRootImpl@a0527b7[MainActivity]:   vsysui=100
04-25 22:18:38.880 29912 29912 I ViewRootImpl@a0527b7[MainActivity]:   bhv=DEFAULT
04-25 22:18:38.880 29912 29912 I ViewRootImpl@a0527b7[MainActivity]:   fitSides= naviIconColor=0}
04-25 22:18:38.885 29912 29912 I ViewRootImpl@a0527b7[MainActivity]: updateBlastSurfaceIfNeeded mBlastBufferQueue=0xb40000799ac00b00 isSameSurfaceControl=true
04-25 22:18:38.885 29912 29912 I BLASTBufferQueue: update, w= 1080 h= 2400 mName = ViewRootImpl@a0527b7[MainActivity] mNativeObject= 0xb40000799ac00b00 sc.mNativeObject= 0xb4000078e7451740 format= -2 caller= android.view.ViewRootImpl.updateBlastSurfaceIfNeeded:2898 android.view.ViewRootImpl.relayoutWindow:9847 android.view.ViewRootImpl.performTraversals:3884 android.view.ViewRootImpl.doTraversal:3116 android.view.ViewRootImpl$TraversalRunnable.run:10885 android.view.Choreographer$CallbackRecord.run:1301 
04-25 22:18:38.886 29912 29912 I ViewRootImpl@a0527b7[MainActivity]: Relayout returned: old=(0,0,1080,2400) new=(0,0,1080,2400) req=(1080,2400)0 dur=4 res=0x0 s={true 0xb4000078e72b6000} ch=false seqId=0
04-25 22:18:38.910 29912 29912 I ViewRootImpl@6527a21[MainActivity]: MSG_WINDOW_FOCUS_CHANGED 0 0
04-25 22:18:38.949 29912 29912 I ViewRootImpl@a0527b7[MainActivity]: MSG_WINDOW_FOCUS_CHANGED 1 0
04-25 22:18:38.950 29912 29912 I ViewRootImpl@a0527b7[MainActivity]: mThreadedRenderer.initializeIfNeeded()#2 mSurface={isValid=true 0xb4000078e72b6000}
04-25 22:18:38.950 29912 29912 D InputMethodManager: startInputInner - Id : 0
04-25 22:18:38.950 29912 29912 I InputMethodManager: startInputInner - mService.startInputOrWindowGainedFocus
04-25 22:18:39.694 29912 29912 I ViewRootImpl@a0527b7[MainActivity]: ViewPostIme pointer 0
04-25 22:18:39.739 29912 29912 I ViewRootImpl@a0527b7[MainActivity]: ViewPostIme pointer 1
04-25 22:18:40.371 29912 29918 I .example.pigeon: Background concurrent copying GC freed 9452KB AllocSpace bytes, 33(1516KB) LOS objects, 49% free, 7357KB/14MB, paused 404us,173us total 179.955ms
04-25 22:18:40.378 29912 29919 D InputTransport: Input channel destroyed: 'ClientS', fd=167
04-25 22:18:40.403 29912 29912 I ViewRootImpl@a0527b7[MainActivity]: ViewPostIme pointer 0
04-25 22:18:40.467 29912 29912 I ViewRootImpl@a0527b7[MainActivity]: ViewPostIme pointer 1
04-25 22:18:40.950 29912 29912 I ViewRootImpl@a0527b7[MainActivity]: ViewPostIme pointer 0
04-25 22:18:41.013 29912 29912 I ViewRootImpl@a0527b7[MainActivity]: ViewPostIme pointer 1
04-25 22:18:41.522 29912 29912 I Choreographer: Skipped 45 frames!  The application may be doing too much work on its main thread.
04-25 22:18:42.364 29912 29912 I ViewRootImpl@a0527b7[MainActivity]: ViewPostIme pointer 0
04-25 22:18:42.419 29912 29912 I ViewRootImpl@a0527b7[MainActivity]: ViewPostIme pointer 1
04-25 22:18:42.519 29912 29912 D InputMethodManager: startInputInner - Id : 0
04-25 22:18:42.519 29912 29912 I InputMethodManager: startInputInner - mService.startInputOrWindowGainedFocus
04-25 22:18:42.525 29912 29912 D InputMethodManager: startInputInner - Id : 0
04-25 22:18:42.525 29912 29912 I InputMethodManager: startInputInner - mService.startInputOrWindowGainedFocus
04-25 22:18:42.528 29912 29912 D InsetsController: show(ime(), fromIme=false)
04-25 22:18:42.528 29912 29912 I IMM_LC  : ris()
04-25 22:18:42.529 29912 29912 I IMM_LC  : ssi() - flag : 0 view : com.example.pigeon reason = SHOW_SOFT_INPUT_BY_INSETS_API
04-25 22:18:42.529 29912 29912 I IMM_LC  : ssi() view is not EditText
04-25 22:18:42.570 29912 29912 I AssistStructure: Flattened final assist data: 796 bytes, containing 2 windows, 6 views
04-25 22:18:42.633 29912 29912 I IMM_LC  : showSoftInput(View,I)
04-25 22:18:42.633 29912 29912 I IMM_LC  : ssi() - flag : 0 view : com.example.pigeon reason = SHOW_SOFT_INPUT
04-25 22:18:42.633 29912 29912 I IMM_LC  : ssi() view is not EditText
04-25 22:18:42.871 29912 29926 I ViewRootImpl@6527a21[MainActivity]: Resizing android.view.ViewRootImpl@73b975d: frame = [0,0][1080,2400] reportDraw = false forceLayout = false syncSeqId = 0
04-25 22:18:42.871 29912 29923 I ViewRootImpl@a0527b7[MainActivity]: Resizing android.view.ViewRootImpl@a2ea042: frame = [0,0][1080,2400] reportDraw = false forceLayout = false syncSeqId = 0
04-25 22:18:42.920 29912 29912 D InsetsController: onStateChanged: InsetsState: {mDisplayFrame=Rect(0, 0 - 1080, 2400), mDisplayCutout=DisplayCutout{insets=Rect(0, 78 - 0, 0) waterfall=Insets{left=0, top=0, right=0, bottom=0} boundingRect={Bounds=[Rect(0, 0 - 0, 0), Rect(468, 0 - 612, 78), Rect(0, 0 - 0, 0), Rect(0, 0 - 0, 0)]} cutoutPathParserInfo={CutoutPathParserInfo{displayWidth=1080 displayHeight=2400 physicalDisplayWidth=1080 physicalDisplayHeight=2400 density={2.8125} cutoutSpec={M 0,0 H -25.6 V 27.73333333333333 H 25.6 V 0 H 0 Z @dp} rotation={0} scale={1.0} physicalPixelDisplaySizeRatio={1.0}}}}, mRoundedCorners=RoundedCorners{[RoundedCorner{position=TopLeft, radius=90, center=Point(90, 90)}, RoundedCorner{position=TopRight, radius=90, center=Point(990, 90)}, RoundedCorner{position=BottomRight, radius=90, center=Point(990, 2310)}, RoundedCorner{position=BottomLeft, radius=90, center=Point(90, 2310)}]}  mRoundedCornerFrame=Rect(0, 0 - 1080, 2400), mPrivacyIndicatorBounds=PrivacyIndicatorBounds {static bounds=Rect(956, 0 - 1080, 78) rotation=0}, mSources= { InsetsSource: {mType=ITYPE_STATUS_BAR, mFrame=[0,0][1080,78], mVisible=true, mInsetsRoundedCornerFrame=false}, InsetsSource: {mType=ITYPE_NAVIGATION_BAR, mFrame=[0,2358][1080,2400], mVisible=true, mInsetsRoundedCornerFrame=false}, InsetsSource: {mType=ITYPE_LEFT_GESTURES, mFrame=[0,0][84,2400], mVisible=true, mInsetsRoundedCornerFrame=false}, InsetsSource: {mType=ITYPE_RIGHT_GESTURES, mFrame=[996,0][1080,2400], mVisible=true, mInsetsRoundedCornerFrame=false}, InsetsSource: {mType=ITYPE_TOP_MANDATORY_GESTURES, mFrame=[0,0][1080,112], mVisible=true, mInsetsRoundedCornerFrame=false}, InsetsSource: {mType=ITYPE_BOTTOM_MANDATORY_GESTURES, mFrame=[0,2310][1080,2400], mVisible=true, mInsetsRoundedCornerFrame=false}, InsetsSource: {mType=ITYPE_LEFT_DISPLAY_CUTOUT, mFrame=[0,0][-100000,2400], mVisible=true, mInsetsRoundedCornerFrame=false}, InsetsSource: {mType=ITYPE_TOP_DISPLAY_CUTOUT, mFrame=[0,0][1080,78], mVisible=true, mInsetsRoundedCornerFrame=false}, InsetsSource: {mType=ITYPE_RIGHT_DISPLAY_CUTOUT, mFrame=[100000,0][1080,2400], mVisible=true, mInsetsRoundedCornerFrame=false}, InsetsSource: {mType=ITYPE_BOTTOM_DISPLAY_CUTOUT, mFrame=[0,100000][1080,2400], mVisible=true, mInsetsRoundedCornerFrame=false}, InsetsSource: {mType=ITYPE_TOP_TAPPABLE_ELEMENT, mFrame=[0,0][1080,78], mVisible=true, mInsetsRoundedCornerFrame=false}, InsetsSource: {mType=ITYPE_BOTTOM_TAPPABLE_ELEMENT, mFrame=[0,0][0,0], mVisible=true, mInsetsRoundedCornerFrame=false}, InsetsSource: {mType=ITYPE_IME, mFrame=[0,1392][1080,2400], mVisibleFrame=[0,1392][1080,2400], mVisible=false, mInsetsRoundedCornerFrame=false} } host=com.example.pigeon/com.example.pigeon.MainActivity from=android.view.ViewRootImpl$ViewRootHandler.handleMessageImpl:6727
04-25 22:18:42.921 29912 29912 I ViewRootImpl@6527a21[MainActivity]: handleResized, msg = 4 frames=ClientWindowFrames{frame=[0,0][1080,2400] display=[0,0][1080,2400] parentFrame=[0,0][0,0] parentClippedByDisplayCutout=false} forceNextWindowRelayout=false displayId=0 resizeMode=-1 frameChanged=false displayFrameChanged=false configChanged=false displayChanged=false
04-25 22:18:42.921 29912 29912 D InsetsController: onStateChanged: InsetsState: {mDisplayFrame=Rect(0, 0 - 1080, 2400), mDisplayCutout=DisplayCutout{insets=Rect(0, 78 - 0, 0) waterfall=Insets{left=0, top=0, right=0, bottom=0} boundingRect={Bounds=[Rect(0, 0 - 0, 0), Rect(468, 0 - 612, 78), Rect(0, 0 - 0, 0), Rect(0, 0 - 0, 0)]} cutoutPathParserInfo={CutoutPathParserInfo{displayWidth=1080 displayHeight=2400 physicalDisplayWidth=1080 physicalDisplayHeight=2400 density={2.8125} cutoutSpec={M 0,0 H -25.6 V 27.73333333333333 H 25.6 V 0 H 0 Z @dp} rotation={0} scale={1.0} physicalPixelDisplaySizeRatio={1.0}}}}, mRoundedCorners=RoundedCorners{[RoundedCorner{position=TopLeft, radius=90, center=Point(90, 90)}, RoundedCorner{position=TopRight, radius=90, center=Point(990, 90)}, RoundedCorner{position=BottomRight, radius=90, center=Point(990, 2310)}, RoundedCorner{position=BottomLeft, radius=90, center=Point(90, 2310)}]}  mRoundedCornerFrame=Rect(0, 0 - 1080, 2400), mPrivacyIndicatorBounds=PrivacyIndicatorBounds {static bounds=Rect(956, 0 - 1080, 78) rotation=0}, mSources= { InsetsSource: {mType=ITYPE_STATUS_BAR, mFrame=[0,0][1080,78], mVisible=true, mInsetsRoundedCornerFrame=false}, InsetsSource: {mType=ITYPE_NAVIGATION_BAR, mFrame=[0,2358][1080,2400], mVisible=true, mInsetsRoundedCornerFrame=false}, InsetsSource: {mType=ITYPE_LEFT_GESTURES, mFrame=[0,0][84,2400], mVisible=true, mInsetsRoundedCornerFrame=false}, InsetsSource: {mType=ITYPE_RIGHT_GESTURES, mFrame=[996,0][1080,2400], mVisible=true, mInsetsRoundedCornerFrame=false}, InsetsSource: {mType=ITYPE_TOP_MANDATORY_GESTURES, mFrame=[0,0][1080,112], mVisible=true, mInsetsRoundedCornerFrame=false}, InsetsSource: {mType=ITYPE_BOTTOM_MANDATORY_GESTURES, mFrame=[0,2310][1080,2400], mVisible=true, mInsetsRoundedCornerFrame=false}, InsetsSource: {mType=ITYPE_LEFT_DISPLAY_CUTOUT, mFrame=[0,0][-100000,2400], mVisible=true, mInsetsRoundedCornerFrame=false}, InsetsSource: {mType=ITYPE_TOP_DISPLAY_CUTOUT, mFrame=[0,0][1080,78], mVisible=true, mInsetsRoundedCornerFrame=false}, InsetsSource: {mType=ITYPE_RIGHT_DISPLAY_CUTOUT, mFrame=[100000,0][1080,2400], mVisible=true, mInsetsRoundedCornerFrame=false}, InsetsSource: {mType=ITYPE_BOTTOM_DISPLAY_CUTOUT, mFrame=[0,100000][1080,2400], mVisible=true, mInsetsRoundedCornerFrame=false}, InsetsSource: {mType=ITYPE_TOP_TAPPABLE_ELEMENT, mFrame=[0,0][1080,78], mVisible=true, mInsetsRoundedCornerFrame=false}, InsetsSource: {mType=ITYPE_BOTTOM_TAPPABLE_ELEMENT, mFrame=[0,0][0,0], mVisible=true, mInsetsRoundedCornerFrame=false}, InsetsSource: {mType=ITYPE_IME, mFrame=[0,1392][1080,2400], mVisibleFrame=[0,1392][1080,2400], mVisible=false, mInsetsRoundedCornerFrame=false} } host=com.example.pigeon/com.example.pigeon.MainActivity from=android.view.ViewRootImpl$ViewRootHandler.handleMessageImpl:6727
04-25 22:18:42.922 29912 29912 I ViewRootImpl@a0527b7[MainActivity]: handleResized, msg = 4 frames=ClientWindowFrames{frame=[0,0][1080,2400] display=[0,0][1080,2400] parentFrame=[0,0][0,0] parentClippedByDisplayCutout=false} forceNextWindowRelayout=false displayId=0 resizeMode=-1 frameChanged=false displayFrameChanged=false configChanged=false displayChanged=false
04-25 22:18:42.980 29912 29912 D InsetsController: show(ime(), fromIme=true)
04-25 22:18:42.980 29912 29912 D InsetsController: controlAnimationUnchecked: Added types=8 animType=0 host=com.example.pigeon/com.example.pigeon.MainActivity from=android.view.InsetsController.show:1029 android.view.ViewRootImpl$ViewRootHandler.handleMessageImpl:6761 android.view.ViewRootImpl$ViewRootHandler.handleMessage:6697 
04-25 22:18:42.981 29912 29912 D InsetsSourceConsumer: setRequestedVisible: visible=true, type=19, host=com.example.pigeon/com.example.pigeon.MainActivity, from=android.view.InsetsSourceConsumer.show:250 android.view.ImeInsetsSourceConsumer.show:82 android.view.InsetsController.showDirectly:1609 android.view.InsetsController.controlAnimationUnchecked:1232 android.view.InsetsController.show:1029 android.view.ViewRootImpl$ViewRootHandler.handleMessageImpl:6761 android.view.ViewRootImpl$ViewRootHandler.handleMessage:6697 android.os.Handler.dispatchMessage:106 android.os.Looper.loopOnce:226 android.os.Looper.loop:313 
04-25 22:18:42.981 29912 29912 D InsetsController: show(ime(), fromIme=true)
04-25 22:18:42.993 29912 29923 I ViewRootImpl@a0527b7[MainActivity]: Resizing android.view.ViewRootImpl@a2ea042: frame = [0,0][1080,2400] reportDraw = false forceLayout = false syncSeqId = 0
04-25 22:18:42.996 29912 29926 I ViewRootImpl@6527a21[MainActivity]: Resizing android.view.ViewRootImpl@73b975d: frame = [0,0][1080,2400] reportDraw = false forceLayout = false syncSeqId = 0
04-25 22:18:43.059 29912 29964 I ViewRootImpl@a0527b7[MainActivity]: mWNT: t=0xb400007996533100 mBlastBufferQueue=0xb40000799ac00b00 fn= 126 caller= android.view.SyncRtSurfaceTransactionApplier.applyTransaction:96 android.view.SyncRtSurfaceTransactionApplier.lambda$scheduleApply$0$android-view-SyncRtSurfaceTransactionApplier:69 android.view.SyncRtSurfaceTransactionApplier$$ExternalSyntheticLambda0.onFrameDraw:4 
04-25 22:18:43.075 29912 29912 D InsetsController: onStateChanged: InsetsState: {mDisplayFrame=Rect(0, 0 - 1080, 2400), mDisplayCutout=DisplayCutout{insets=Rect(0, 78 - 0, 0) waterfall=Insets{left=0, top=0, right=0, bottom=0} boundingRect={Bounds=[Rect(0, 0 - 0, 0), Rect(468, 0 - 612, 78), Rect(0, 0 - 0, 0), Rect(0, 0 - 0, 0)]} cutoutPathParserInfo={CutoutPathParserInfo{displayWidth=1080 displayHeight=2400 physicalDisplayWidth=1080 physicalDisplayHeight=2400 density={2.8125} cutoutSpec={M 0,0 H -25.6 V 27.73333333333333 H 25.6 V 0 H 0 Z @dp} rotation={0} scale={1.0} physicalPixelDisplaySizeRatio={1.0}}}}, mRoundedCorners=RoundedCorners{[RoundedCorner{position=TopLeft, radius=90, center=Point(90, 90)}, RoundedCorner{position=TopRight, radius=90, center=Point(990, 90)}, RoundedCorner{position=BottomRight, radius=90, center=Point(990, 2310)}, RoundedCorner{position=BottomLeft, radius=90, center=Point(90, 2310)}]}  mRoundedCornerFrame=Rect(0, 0 - 1080, 2400), mPrivacyIndicatorBounds=PrivacyIndicatorBounds {static bounds=Rect(956, 0 - 1080, 78) rotation=0}, mSources= { InsetsSource: {mType=ITYPE_STATUS_BAR, mFrame=[0,0][1080,78], mVisible=true, mInsetsRoundedCornerFrame=false}, InsetsSource: {mType=ITYPE_NAVIGATION_BAR, mFrame=[0,2358][1080,2400], mVisible=true, mInsetsRoundedCornerFrame=false}, InsetsSource: {mType=ITYPE_LEFT_GESTURES, mFrame=[0,0][84,2400], mVisible=true, mInsetsRoundedCornerFrame=false}, InsetsSource: {mType=ITYPE_RIGHT_GESTURES, mFrame=[996,0][1080,2400], mVisible=true, mInsetsRoundedCornerFrame=false}, InsetsSource: {mType=ITYPE_TOP_MANDATORY_GESTURES, mFrame=[0,0][1080,112], mVisible=true, mInsetsRoundedCornerFrame=false}, InsetsSource: {mType=ITYPE_BOTTOM_MANDATORY_GESTURES, mFrame=[0,2310][1080,2400], mVisible=true, mInsetsRoundedCornerFrame=false}, InsetsSource: {mType=ITYPE_LEFT_DISPLAY_CUTOUT, mFrame=[0,0][-100000,2400], mVisible=true, mInsetsRoundedCornerFrame=false}, InsetsSource: {mType=ITYPE_TOP_DISPLAY_CUTOUT, mFrame=[0,0][1080,78], mVisible=true, mInsetsRoundedCornerFrame=false}, InsetsSource: {mType=ITYPE_RIGHT_DISPLAY_CUTOUT, mFrame=[100000,0][1080,2400], mVisible=true, mInsetsRoundedCornerFrame=false}, InsetsSource: {mType=ITYPE_BOTTOM_DISPLAY_CUTOUT, mFrame=[0,100000][1080,2400], mVisible=true, mInsetsRoundedCornerFrame=false}, InsetsSource: {mType=ITYPE_TOP_TAPPABLE_ELEMENT, mFrame=[0,0][1080,78], mVisible=true, mInsetsRoundedCornerFrame=false}, InsetsSource: {mType=ITYPE_BOTTOM_TAPPABLE_ELEMENT, mFrame=[0,0][0,0], mVisible=true, mInsetsRoundedCornerFrame=false}, InsetsSource: {mType=ITYPE_IME, mFrame=[0,1392][1080,2400], mVisibleFrame=[0,1392][1080,2400], mVisible=true, mInsetsRoundedCornerFrame=false} } host=com.example.pigeon/com.example.pigeon.MainActivity from=android.view.ViewRootImpl$ViewRootHandler.handleMessageImpl:6740
04-25 22:18:43.113 29912 29963 I ViewRootImpl@a0527b7[MainActivity]: mWNT: t=0xb400007996369900 mBlastBufferQueue=0xb40000799ac00b00 fn= 127 caller= android.view.SyncRtSurfaceTransactionApplier.applyTransaction:96 android.view.SyncRtSurfaceTransactionApplier.lambda$scheduleApply$0$android-view-SyncRtSurfaceTransactionApplier:69 android.view.SyncRtSurfaceTransactionApplier$$ExternalSyntheticLambda0.onFrameDraw:4 
04-25 22:18:43.114 29912 29912 I ViewRootImpl@a0527b7[MainActivity]: handleResized, msg = 4 frames=ClientWindowFrames{frame=[0,0][1080,2400] display=[0,0][1080,2400] parentFrame=[0,0][0,0] parentClippedByDisplayCutout=false} forceNextWindowRelayout=false displayId=0 resizeMode=-1 frameChanged=false displayFrameChanged=false configChanged=false displayChanged=false
04-25 22:18:43.114 29912 29912 D InsetsController: onStateChanged: InsetsState: {mDisplayFrame=Rect(0, 0 - 1080, 2400), mDisplayCutout=DisplayCutout{insets=Rect(0, 78 - 0, 0) waterfall=Insets{left=0, top=0, right=0, bottom=0} boundingRect={Bounds=[Rect(0, 0 - 0, 0), Rect(468, 0 - 612, 78), Rect(0, 0 - 0, 0), Rect(0, 0 - 0, 0)]} cutoutPathParserInfo={CutoutPathParserInfo{displayWidth=1080 displayHeight=2400 physicalDisplayWidth=1080 physicalDisplayHeight=2400 density={2.8125} cutoutSpec={M 0,0 H -25.6 V 27.73333333333333 H 25.6 V 0 H 0 Z @dp} rotation={0} scale={1.0} physicalPixelDisplaySizeRatio={1.0}}}}, mRoundedCorners=RoundedCorners{[RoundedCorner{position=TopLeft, radius=90, center=Point(90, 90)}, RoundedCorner{position=TopRight, radius=90, center=Point(990, 90)}, RoundedCorner{position=BottomRight, radius=90, center=Point(990, 2310)}, RoundedCorner{position=BottomLeft, radius=90, center=Point(90, 2310)}]}  mRoundedCornerFrame=Rect(0, 0 - 1080, 2400), mPrivacyIndicatorBounds=PrivacyIndicatorBounds {static bounds=Rect(956, 0 - 1080, 78) rotation=0}, mSources= { InsetsSource: {mType=ITYPE_STATUS_BAR, mFrame=[0,0][1080,78], mVisible=true, mInsetsRoundedCornerFrame=false}, InsetsSource: {mType=ITYPE_NAVIGATION_BAR, mFrame=[0,2358][1080,2400], mVisible=true, mInsetsRoundedCornerFrame=false}, InsetsSource: {mType=ITYPE_LEFT_GESTURES, mFrame=[0,0][84,2400], mVisible=true, mInsetsRoundedCornerFrame=false}, InsetsSource: {mType=ITYPE_RIGHT_GESTURES, mFrame=[996,0][1080,2400], mVisible=true, mInsetsRoundedCornerFrame=false}, InsetsSource: {mType=ITYPE_TOP_MANDATORY_GESTURES, mFrame=[0,0][1080,112], mVisible=true, mInsetsRoundedCornerFrame=false}, InsetsSource: {mType=ITYPE_BOTTOM_MANDATORY_GESTURES, mFrame=[0,2310][1080,2400], mVisible=true, mInsetsRoundedCornerFrame=false}, InsetsSource: {mType=ITYPE_LEFT_DISPLAY_CUTOUT, mFrame=[0,0][-100000,2400], mVisible=true, mInsetsRoundedCornerFrame=false}, InsetsSource: {mType=ITYPE_TOP_DISPLAY_CUTOUT, mFrame=[0,0][1080,78], mVisible=true, mInsetsRoundedCornerFrame=false}, InsetsSource: {mType=ITYPE_RIGHT_DISPLAY_CUTOUT, mFrame=[100000,0][1080,2400], mVisible=true, mInsetsRoundedCornerFrame=false}, InsetsSource: {mType=ITYPE_BOTTOM_DISPLAY_CUTOUT, mFrame=[0,100000][1080,2400], mVisible=true, mInsetsRoundedCornerFrame=false}, InsetsSource: {mType=ITYPE_TOP_TAPPABLE_ELEMENT, mFrame=[0,0][1080,78], mVisible=true, mInsetsRoundedCornerFrame=false}, InsetsSource: {mType=ITYPE_BOTTOM_TAPPABLE_ELEMENT, mFrame=[0,0][0,0], mVisible=true, mInsetsRoundedCornerFrame=false}, InsetsSource: {mType=ITYPE_IME, mFrame=[0,1392][1080,2400], mVisibleFrame=[0,1392][1080,2400], mVisible=true, mInsetsRoundedCornerFrame=false} } host=com.example.pigeon/com.example.pigeon.MainActivity from=android.view.ViewRootImpl$ViewRootHandler.handleMessageImpl:6727
04-25 22:18:43.114 29912 29912 I ViewRootImpl@6527a21[MainActivity]: handleResized, msg = 4 frames=ClientWindowFrames{frame=[0,0][1080,2400] display=[0,0][1080,2400] parentFrame=[0,0][0,0] parentClippedByDisplayCutout=false} forceNextWindowRelayout=false displayId=0 resizeMode=-1 frameChanged=false displayFrameChanged=false configChanged=false displayChanged=false
04-25 22:18:43.202 29912 29964 I ViewRootImpl@a0527b7[MainActivity]: mWNT: t=0xb400007996640b00 mBlastBufferQueue=0xb40000799ac00b00 fn= 128 caller= android.view.SyncRtSurfaceTransactionApplier.applyTransaction:96 android.view.SyncRtSurfaceTransactionApplier.lambda$scheduleApply$0$android-view-SyncRtSurfaceTransactionApplier:69 android.view.SyncRtSurfaceTransactionApplier$$ExternalSyntheticLambda0.onFrameDraw:4 
04-25 22:18:43.297 29912 29963 I ViewRootImpl@a0527b7[MainActivity]: mWNT: t=0xb40000799663b800 mBlastBufferQueue=0xb40000799ac00b00 fn= 129 caller= android.view.SyncRtSurfaceTransactionApplier.applyTransaction:96 android.view.SyncRtSurfaceTransactionApplier.lambda$scheduleApply$0$android-view-SyncRtSurfaceTransactionApplier:69 android.view.SyncRtSurfaceTransactionApplier$$ExternalSyntheticLambda0.onFrameDraw:4 
04-25 22:18:43.393 29912 29964 I ViewRootImpl@a0527b7[MainActivity]: mWNT: t=0xb4000078f1a53800 mBlastBufferQueue=0xb40000799ac00b00 fn= 130 caller= android.view.SyncRtSurfaceTransactionApplier.applyTransaction:96 android.view.SyncRtSurfaceTransactionApplier.lambda$scheduleApply$0$android-view-SyncRtSurfaceTransactionApplier:69 android.view.SyncRtSurfaceTransactionApplier$$ExternalSyntheticLambda0.onFrameDraw:4 
04-25 22:18:43.432 29912 29912 D InsetsController: cancelAnimation of types: 8, animType: 0, host: com.example.pigeon/com.example.pigeon.MainActivity, from:android.view.InsetsController.notifyFinished:1375 android.view.InsetsAnimationControlImpl.applyChangeInsets:285 android.view.InsetsController.lambda$new$3$android-view-InsetsController:674 
04-25 22:18:43.432 29912 29912 D InsetsSourceConsumer: ensureControlPosition: Point(0, 78) for ITYPE_IME on com.example.pigeon/com.example.pigeon.MainActivity from android.view.InsetsSourceConsumer.notifyAnimationFinished:419
04-25 22:18:43.489 29912 29963 I ViewRootImpl@a0527b7[MainActivity]: mWNT: t=0xb4000079964ee200 mBlastBufferQueue=0xb40000799ac00b00 fn= 131 caller= android.view.SyncRtSurfaceTransactionApplier.applyTransaction:96 android.view.SyncRtSurfaceTransactionApplier.lambda$scheduleApply$0$android-view-SyncRtSurfaceTransactionApplier:69 android.view.SyncRtSurfaceTransactionApplier$$ExternalSyntheticLambda0.onFrameDraw:4 
04-25 22:18:43.490 29912 29963 I ViewRootImpl@a0527b7[MainActivity]: mWNT: t=0xb400007996634600 mBlastBufferQueue=0xb40000799ac00b00 fn= 131 caller= android.view.SyncRtSurfaceTransactionApplier.applyTransaction:96 android.view.SyncRtSurfaceTransactionApplier.lambda$scheduleApply$0$android-view-SyncRtSurfaceTransactionApplier:69 android.view.SyncRtSurfaceTransactionApplier$$ExternalSyntheticLambda0.onFrameDraw:4 
04-25 22:18:45.061 29912 29912 I ViewRootImpl@a0527b7[MainActivity]: ViewPostIme pointer 0
04-25 22:18:45.090 29912 29912 I ViewRootImpl@a0527b7[MainActivity]: ViewPostIme pointer 1
04-25 22:18:45.177 29912 29912 D InputMethodManager: startInputInner - Id : 0
04-25 22:18:45.177 29912 29912 I InputMethodManager: startInputInner - mService.startInputOrWindowGainedFocus
04-25 22:18:45.180 29912 29912 D InsetsController: show(ime(), fromIme=false)
04-25 22:18:45.279 29912 29912 I IMM_LC  : showSoftInput(View,I)
04-25 22:18:45.279 29912 29912 I IMM_LC  : ssi() - flag : 0 view : com.example.pigeon reason = SHOW_SOFT_INPUT
04-25 22:18:45.279 29912 29912 I IMM_LC  : ssi() view is not EditText
04-25 22:18:45.555 29912 29912 D InsetsController: show(ime(), fromIme=true)
04-25 22:18:45.555 29912 29912 D InsetsController: show(ime(), fromIme=true)
04-25 22:18:47.023 29912 29918 I .example.pigeon: Background concurrent copying GC freed 6328KB AllocSpace bytes, 2(40KB) LOS objects, 49% free, 8417KB/16MB, paused 175us,245us total 194.674ms
04-25 22:18:47.027 29912 29919 D InputTransport: Input channel destroyed: 'ClientS', fd=191
04-25 22:18:47.027 29912 29919 D InputTransport: Input channel destroyed: 'ClientS', fd=192
04-25 22:18:47.029 29912 29919 D InputTransport: Input channel destroyed: 'ClientS', fd=179
04-25 22:18:47.672 29912 29912 D InsetsController: controlAnimationUnchecked: Added types=8 animType=1 host=com.example.pigeon/com.example.pigeon.MainActivity from=android.view.InsetsController.applyAnimation:1576 android.view.InsetsController.applyAnimation:1557 android.view.InsetsController.hide:1093 
04-25 22:18:47.672 29912 29912 D InsetsSourceConsumer: setRequestedVisible: visible=false, type=19, host=com.example.pigeon/com.example.pigeon.MainActivity, from=android.view.InsetsSourceConsumer.hide:257 android.view.ImeInsetsSourceConsumer.hide:88 android.view.ImeInsetsSourceConsumer.hide:94 android.view.InsetsController.hideDirectly:1593 android.view.InsetsController.controlAnimationUnchecked:1234 android.view.InsetsController.applyAnimation:1576 android.view.InsetsController.applyAnimation:1557 android.view.InsetsController.hide:1093 android.view.ViewRootImpl$ViewRootHandler.handleMessageImpl:6765 android.view.ViewRootImpl$ViewRootHandler.handleMessage:6697 
04-25 22:18:47.696 29912 29926 I ViewRootImpl@a0527b7[MainActivity]: Resizing android.view.ViewRootImpl@a2ea042: frame = [0,0][1080,2400] reportDraw = false forceLayout = false syncSeqId = 0
04-25 22:18:47.699 29912 30031 I ViewRootImpl@6527a21[MainActivity]: Resizing android.view.ViewRootImpl@73b975d: frame = [0,0][1080,2400] reportDraw = false forceLayout = false syncSeqId = 0
04-25 22:18:47.750 29912 29964 I ViewRootImpl@a0527b7[MainActivity]: mWNT: t=0xb4000078f163c200 mBlastBufferQueue=0xb40000799ac00b00 fn= 214 caller= android.view.SyncRtSurfaceTransactionApplier.applyTransaction:96 android.view.SyncRtSurfaceTransactionApplier.lambda$scheduleApply$0$android-view-SyncRtSurfaceTransactionApplier:69 android.view.SyncRtSurfaceTransactionApplier$$ExternalSyntheticLambda0.onFrameDraw:4 
04-25 22:18:47.769 29912 29912 D InsetsController: onStateChanged: InsetsState: {mDisplayFrame=Rect(0, 0 - 1080, 2400), mDisplayCutout=DisplayCutout{insets=Rect(0, 78 - 0, 0) waterfall=Insets{left=0, top=0, right=0, bottom=0} boundingRect={Bounds=[Rect(0, 0 - 0, 0), Rect(468, 0 - 612, 78), Rect(0, 0 - 0, 0), Rect(0, 0 - 0, 0)]} cutoutPathParserInfo={CutoutPathParserInfo{displayWidth=1080 displayHeight=2400 physicalDisplayWidth=1080 physicalDisplayHeight=2400 density={2.8125} cutoutSpec={M 0,0 H -25.6 V 27.73333333333333 H 25.6 V 0 H 0 Z @dp} rotation={0} scale={1.0} physicalPixelDisplaySizeRatio={1.0}}}}, mRoundedCorners=RoundedCorners{[RoundedCorner{position=TopLeft, radius=90, center=Point(90, 90)}, RoundedCorner{position=TopRight, radius=90, center=Point(990, 90)}, RoundedCorner{position=BottomRight, radius=90, center=Point(990, 2310)}, RoundedCorner{position=BottomLeft, radius=90, center=Point(90, 2310)}]}  mRoundedCornerFrame=Rect(0, 0 - 1080, 2400), mPrivacyIndicatorBounds=PrivacyIndicatorBounds {static bounds=Rect(956, 0 - 1080, 78) rotation=0}, mSources= { InsetsSource: {mType=ITYPE_STATUS_BAR, mFrame=[0,0][1080,78], mVisible=true, mInsetsRoundedCornerFrame=false}, InsetsSource: {mType=ITYPE_NAVIGATION_BAR, mFrame=[0,2358][1080,2400], mVisible=true, mInsetsRoundedCornerFrame=false}, InsetsSource: {mType=ITYPE_LEFT_GESTURES, mFrame=[0,0][84,2400], mVisible=true, mInsetsRoundedCornerFrame=false}, InsetsSource: {mType=ITYPE_RIGHT_GESTURES, mFrame=[996,0][1080,2400], mVisible=true, mInsetsRoundedCornerFrame=false}, InsetsSource: {mType=ITYPE_TOP_MANDATORY_GESTURES, mFrame=[0,0][1080,112], mVisible=true, mInsetsRoundedCornerFrame=false}, InsetsSource: {mType=ITYPE_BOTTOM_MANDATORY_GESTURES, mFrame=[0,2310][1080,2400], mVisible=true, mInsetsRoundedCornerFrame=false}, InsetsSource: {mType=ITYPE_LEFT_DISPLAY_CUTOUT, mFrame=[0,0][-100000,2400], mVisible=true, mInsetsRoundedCornerFrame=false}, InsetsSource: {mType=ITYPE_TOP_DISPLAY_CUTOUT, mFrame=[0,0][1080,78], mVisible=true, mInsetsRoundedCornerFrame=false}, InsetsSource: {mType=ITYPE_RIGHT_DISPLAY_CUTOUT, mFrame=[100000,0][1080,2400], mVisible=true, mInsetsRoundedCornerFrame=false}, InsetsSource: {mType=ITYPE_BOTTOM_DISPLAY_CUTOUT, mFrame=[0,100000][1080,2400], mVisible=true, mInsetsRoundedCornerFrame=false}, InsetsSource: {mType=ITYPE_TOP_TAPPABLE_ELEMENT, mFrame=[0,0][1080,78], mVisible=true, mInsetsRoundedCornerFrame=false}, InsetsSource: {mType=ITYPE_BOTTOM_TAPPABLE_ELEMENT, mFrame=[0,0][0,0], mVisible=true, mInsetsRoundedCornerFrame=false}, InsetsSource: {mType=ITYPE_IME, mFrame=[0,1392][1080,2400], mVisibleFrame=[0,1392][1080,2400], mVisible=false, mInsetsRoundedCornerFrame=false} } host=com.example.pigeon/com.example.pigeon.MainActivity from=android.view.ViewRootImpl$ViewRootHandler.handleMessageImpl:6740
04-25 22:18:47.771 29912 29912 I ViewRootImpl@a0527b7[MainActivity]: handleResized, msg = 4 frames=ClientWindowFrames{frame=[0,0][1080,2400] display=[0,0][1080,2400] parentFrame=[0,0][0,0] parentClippedByDisplayCutout=false} forceNextWindowRelayout=false displayId=0 resizeMode=-1 frameChanged=false displayFrameChanged=false configChanged=false displayChanged=false
04-25 22:18:47.772 29912 29912 D InsetsController: onStateChanged: InsetsState: {mDisplayFrame=Rect(0, 0 - 1080, 2400), mDisplayCutout=DisplayCutout{insets=Rect(0, 78 - 0, 0) waterfall=Insets{left=0, top=0, right=0, bottom=0} boundingRect={Bounds=[Rect(0, 0 - 0, 0), Rect(468, 0 - 612, 78), Rect(0, 0 - 0, 0), Rect(0, 0 - 0, 0)]} cutoutPathParserInfo={CutoutPathParserInfo{displayWidth=1080 displayHeight=2400 physicalDisplayWidth=1080 physicalDisplayHeight=2400 density={2.8125} cutoutSpec={M 0,0 H -25.6 V 27.73333333333333 H 25.6 V 0 H 0 Z @dp} rotation={0} scale={1.0} physicalPixelDisplaySizeRatio={1.0}}}}, mRoundedCorners=RoundedCorners{[RoundedCorner{position=TopLeft, radius=90, center=Point(90, 90)}, RoundedCorner{position=TopRight, radius=90, center=Point(990, 90)}, RoundedCorner{position=BottomRight, radius=90, center=Point(990, 2310)}, RoundedCorner{position=BottomLeft, radius=90, center=Point(90, 2310)}]}  mRoundedCornerFrame=Rect(0, 0 - 1080, 2400), mPrivacyIndicatorBounds=PrivacyIndicatorBounds {static bounds=Rect(956, 0 - 1080, 78) rotation=0}, mSources= { InsetsSource: {mType=ITYPE_STATUS_BAR, mFrame=[0,0][1080,78], mVisible=true, mInsetsRoundedCornerFrame=false}, InsetsSource: {mType=ITYPE_NAVIGATION_BAR, mFrame=[0,2358][1080,2400], mVisible=true, mInsetsRoundedCornerFrame=false}, InsetsSource: {mType=ITYPE_LEFT_GESTURES, mFrame=[0,0][84,2400], mVisible=true, mInsetsRoundedCornerFrame=false}, InsetsSource: {mType=ITYPE_RIGHT_GESTURES, mFrame=[996,0][1080,2400], mVisible=true, mInsetsRoundedCornerFrame=false}, InsetsSource: {mType=ITYPE_TOP_MANDATORY_GESTURES, mFrame=[0,0][1080,112], mVisible=true, mInsetsRoundedCornerFrame=false}, InsetsSource: {mType=ITYPE_BOTTOM_MANDATORY_GESTURES, mFrame=[0,2310][1080,2400], mVisible=true, mInsetsRoundedCornerFrame=false}, InsetsSource: {mType=ITYPE_LEFT_DISPLAY_CUTOUT, mFrame=[0,0][-100000,2400], mVisible=true, mInsetsRoundedCornerFrame=false}, InsetsSource: {mType=ITYPE_TOP_DISPLAY_CUTOUT, mFrame=[0,0][1080,78], mVisible=true, mInsetsRoundedCornerFrame=false}, InsetsSource: {mType=ITYPE_RIGHT_DISPLAY_CUTOUT, mFrame=[100000,0][1080,2400], mVisible=true, mInsetsRoundedCornerFrame=false}, InsetsSource: {mType=ITYPE_BOTTOM_DISPLAY_CUTOUT, mFrame=[0,100000][1080,2400], mVisible=true, mInsetsRoundedCornerFrame=false}, InsetsSource: {mType=ITYPE_TOP_TAPPABLE_ELEMENT, mFrame=[0,0][1080,78], mVisible=true, mInsetsRoundedCornerFrame=false}, InsetsSource: {mType=ITYPE_BOTTOM_TAPPABLE_ELEMENT, mFrame=[0,0][0,0], mVisible=true, mInsetsRoundedCornerFrame=false}, InsetsSource: {mType=ITYPE_IME, mFrame=[0,1392][1080,2400], mVisibleFrame=[0,1392][1080,2400], mVisible=false, mInsetsRoundedCornerFrame=false} } host=com.example.pigeon/com.example.pigeon.MainActivity from=android.view.ViewRootImpl$ViewRootHandler.handleMessageImpl:6727
04-25 22:18:47.773 29912 29912 I ViewRootImpl@6527a21[MainActivity]: handleResized, msg = 4 frames=ClientWindowFrames{frame=[0,0][1080,2400] display=[0,0][1080,2400] parentFrame=[0,0][0,0] parentClippedByDisplayCutout=false} forceNextWindowRelayout=false displayId=0 resizeMode=-1 frameChanged=false displayFrameChanged=false configChanged=false displayChanged=false
04-25 22:18:47.815 29912 29963 I ViewRootImpl@a0527b7[MainActivity]: mWNT: t=0xb4000078f163cc00 mBlastBufferQueue=0xb40000799ac00b00 fn= 215 caller= android.view.SyncRtSurfaceTransactionApplier.applyTransaction:96 android.view.SyncRtSurfaceTransactionApplier.lambda$scheduleApply$0$android-view-SyncRtSurfaceTransactionApplier:69 android.view.SyncRtSurfaceTransactionApplier$$ExternalSyntheticLambda0.onFrameDraw:4 
04-25 22:18:47.948 29912 29964 I ViewRootImpl@a0527b7[MainActivity]: mWNT: t=0xb400007996640900 mBlastBufferQueue=0xb40000799ac00b00 fn= 216 caller= android.view.SyncRtSurfaceTransactionApplier.applyTransaction:96 android.view.SyncRtSurfaceTransactionApplier.lambda$scheduleApply$0$android-view-SyncRtSurfaceTransactionApplier:69 android.view.SyncRtSurfaceTransactionApplier$$ExternalSyntheticLambda0.onFrameDraw:4 
04-25 22:18:48.060 29912 29963 I ViewRootImpl@a0527b7[MainActivity]: mWNT: t=0xb4000078f1a53a00 mBlastBufferQueue=0xb40000799ac00b00 fn= 217 caller= android.view.SyncRtSurfaceTransactionApplier.applyTransaction:96 android.view.SyncRtSurfaceTransactionApplier.lambda$scheduleApply$0$android-view-SyncRtSurfaceTransactionApplier:69 android.view.SyncRtSurfaceTransactionApplier$$ExternalSyntheticLambda0.onFrameDraw:4 
04-25 22:18:48.102 29912 29912 D InsetsController: cancelAnimation of types: 8, animType: 1, host: com.example.pigeon/com.example.pigeon.MainActivity, from:android.view.InsetsController.notifyFinished:1375 android.view.InsetsAnimationControlImpl.applyChangeInsets:285 android.view.InsetsController.lambda$new$3$android-view-InsetsController:674 
04-25 22:18:48.102 29912 29912 I IMM_LC  : notifyImeHidden: mService.hideSoftInput
04-25 22:18:48.125 29912 29926 I ViewRootImpl@a0527b7[MainActivity]: Resizing android.view.ViewRootImpl@a2ea042: frame = [0,0][1080,2400] reportDraw = false forceLayout = false syncSeqId = 0
04-25 22:18:48.126 29912 29923 I ViewRootImpl@6527a21[MainActivity]: Resizing android.view.ViewRootImpl@73b975d: frame = [0,0][1080,2400] reportDraw = false forceLayout = false syncSeqId = 0
04-25 22:18:48.142 29912 29964 I ViewRootImpl@a0527b7[MainActivity]: mWNT: t=0xb400007996640700 mBlastBufferQueue=0xb40000799ac00b00 fn= 218 caller= android.view.SyncRtSurfaceTransactionApplier.applyTransaction:96 android.view.SyncRtSurfaceTransactionApplier.lambda$scheduleApply$0$android-view-SyncRtSurfaceTransactionApplier:69 android.view.SyncRtSurfaceTransactionApplier$$ExternalSyntheticLambda0.onFrameDraw:4 
04-25 22:18:48.191 29912 29912 D InsetsController: onStateChanged: InsetsState: {mDisplayFrame=Rect(0, 0 - 1080, 2400), mDisplayCutout=DisplayCutout{insets=Rect(0, 78 - 0, 0) waterfall=Insets{left=0, top=0, right=0, bottom=0} boundingRect={Bounds=[Rect(0, 0 - 0, 0), Rect(468, 0 - 612, 78), Rect(0, 0 - 0, 0), Rect(0, 0 - 0, 0)]} cutoutPathParserInfo={CutoutPathParserInfo{displayWidth=1080 displayHeight=2400 physicalDisplayWidth=1080 physicalDisplayHeight=2400 density={2.8125} cutoutSpec={M 0,0 H -25.6 V 27.73333333333333 H 25.6 V 0 H 0 Z @dp} rotation={0} scale={1.0} physicalPixelDisplaySizeRatio={1.0}}}}, mRoundedCorners=RoundedCorners{[RoundedCorner{position=TopLeft, radius=90, center=Point(90, 90)}, RoundedCorner{position=TopRight, radius=90, center=Point(990, 90)}, RoundedCorner{position=BottomRight, radius=90, center=Point(990, 2310)}, RoundedCorner{position=BottomLeft, radius=90, center=Point(90, 2310)}]}  mRoundedCornerFrame=Rect(0, 0 - 1080, 2400), mPrivacyIndicatorBounds=PrivacyIndicatorBounds {static bounds=Rect(956, 0 - 1080, 78) rotation=0}, mSources= { InsetsSource: {mType=ITYPE_STATUS_BAR, mFrame=[0,0][1080,78], mVisible=true, mInsetsRoundedCornerFrame=false}, InsetsSource: {mType=ITYPE_NAVIGATION_BAR, mFrame=[0,2358][1080,2400], mVisible=true, mInsetsRoundedCornerFrame=false}, InsetsSource: {mType=ITYPE_LEFT_GESTURES, mFrame=[0,0][84,2400], mVisible=true, mInsetsRoundedCornerFrame=false}, InsetsSource: {mType=ITYPE_RIGHT_GESTURES, mFrame=[996,0][1080,2400], mVisible=true, mInsetsRoundedCornerFrame=false}, InsetsSource: {mType=ITYPE_TOP_MANDATORY_GESTURES, mFrame=[0,0][1080,112], mVisible=true, mInsetsRoundedCornerFrame=false}, InsetsSource: {mType=ITYPE_BOTTOM_MANDATORY_GESTURES, mFrame=[0,2310][1080,2400], mVisible=true, mInsetsRoundedCornerFrame=false}, InsetsSource: {mType=ITYPE_LEFT_DISPLAY_CUTOUT, mFrame=[0,0][-100000,2400], mVisible=true, mInsetsRoundedCornerFrame=false}, InsetsSource: {mType=ITYPE_TOP_DISPLAY_CUTOUT, mFrame=[0,0][1080,78], mVisible=true, mInsetsRoundedCornerFrame=false}, InsetsSource: {mType=ITYPE_RIGHT_DISPLAY_CUTOUT, mFrame=[100000,0][1080,2400], mVisible=true, mInsetsRoundedCornerFrame=false}, InsetsSource: {mType=ITYPE_BOTTOM_DISPLAY_CUTOUT, mFrame=[0,100000][1080,2400], mVisible=true, mInsetsRoundedCornerFrame=false}, InsetsSource: {mType=ITYPE_TOP_TAPPABLE_ELEMENT, mFrame=[0,0][1080,78], mVisible=true, mInsetsRoundedCornerFrame=false}, InsetsSource: {mType=ITYPE_BOTTOM_TAPPABLE_ELEMENT, mFrame=[0,0][0,0], mVisible=true, mInsetsRoundedCornerFrame=false}, InsetsSource: {mType=ITYPE_IME, mFrame=[0,0][0,0], mVisibleFrame=[0,1392][1080,2400], mVisible=false, mInsetsRoundedCornerFrame=false} } host=com.example.pigeon/com.example.pigeon.MainActivity from=android.view.ViewRootImpl$ViewRootHandler.handleMessageImpl:6727
04-25 22:18:48.192 29912 29912 I ViewRootImpl@a0527b7[MainActivity]: handleResized, msg = 4 frames=ClientWindowFrames{frame=[0,0][1080,2400] display=[0,0][1080,2400] parentFrame=[0,0][0,0] parentClippedByDisplayCutout=false} forceNextWindowRelayout=false displayId=0 resizeMode=-1 frameChanged=false displayFrameChanged=false configChanged=false displayChanged=false
04-25 22:18:48.193 29912 29912 D InsetsController: onStateChanged: InsetsState: {mDisplayFrame=Rect(0, 0 - 1080, 2400), mDisplayCutout=DisplayCutout{insets=Rect(0, 78 - 0, 0) waterfall=Insets{left=0, top=0, right=0, bottom=0} boundingRect={Bounds=[Rect(0, 0 - 0, 0), Rect(468, 0 - 612, 78), Rect(0, 0 - 0, 0), Rect(0, 0 - 0, 0)]} cutoutPathParserInfo={CutoutPathParserInfo{displayWidth=1080 displayHeight=2400 physicalDisplayWidth=1080 physicalDisplayHeight=2400 density={2.8125} cutoutSpec={M 0,0 H -25.6 V 27.73333333333333 H 25.6 V 0 H 0 Z @dp} rotation={0} scale={1.0} physicalPixelDisplaySizeRatio={1.0}}}}, mRoundedCorners=RoundedCorners{[RoundedCorner{position=TopLeft, radius=90, center=Point(90, 90)}, RoundedCorner{position=TopRight, radius=90, center=Point(990, 90)}, RoundedCorner{position=BottomRight, radius=90, center=Point(990, 2310)}, RoundedCorner{position=BottomLeft, radius=90, center=Point(90, 2310)}]}  mRoundedCornerFrame=Rect(0, 0 - 1080, 2400), mPrivacyIndicatorBounds=PrivacyIndicatorBounds {static bounds=Rect(956, 0 - 1080, 78) rotation=0}, mSources= { InsetsSource: {mType=ITYPE_STATUS_BAR, mFrame=[0,0][1080,78], mVisible=true, mInsetsRoundedCornerFrame=false}, InsetsSource: {mType=ITYPE_NAVIGATION_BAR, mFrame=[0,2358][1080,2400], mVisible=true, mInsetsRoundedCornerFrame=false}, InsetsSource: {mType=ITYPE_LEFT_GESTURES, mFrame=[0,0][84,2400], mVisible=true, mInsetsRoundedCornerFrame=false}, InsetsSource: {mType=ITYPE_RIGHT_GESTURES, mFrame=[996,0][1080,2400], mVisible=true, mInsetsRoundedCornerFrame=false}, InsetsSource: {mType=ITYPE_TOP_MANDATORY_GESTURES, mFrame=[0,0][1080,112], mVisible=true, mInsetsRoundedCornerFrame=false}, InsetsSource: {mType=ITYPE_BOTTOM_MANDATORY_GESTURES, mFrame=[0,2310][1080,2400], mVisible=true, mInsetsRoundedCornerFrame=false}, InsetsSource: {mType=ITYPE_LEFT_DISPLAY_CUTOUT, mFrame=[0,0][-100000,2400], mVisible=true, mInsetsRoundedCornerFrame=false}, InsetsSource: {mType=ITYPE_TOP_DISPLAY_CUTOUT, mFrame=[0,0][1080,78], mVisible=true, mInsetsRoundedCornerFrame=false}, InsetsSource: {mType=ITYPE_RIGHT_DISPLAY_CUTOUT, mFrame=[100000,0][1080,2400], mVisible=true, mInsetsRoundedCornerFrame=false}, InsetsSource: {mType=ITYPE_BOTTOM_DISPLAY_CUTOUT, mFrame=[0,100000][1080,2400], mVisible=true, mInsetsRoundedCornerFrame=false}, InsetsSource: {mType=ITYPE_TOP_TAPPABLE_ELEMENT, mFrame=[0,0][1080,78], mVisible=true, mInsetsRoundedCornerFrame=false}, InsetsSource: {mType=ITYPE_BOTTOM_TAPPABLE_ELEMENT, mFrame=[0,0][0,0], mVisible=true, mInsetsRoundedCornerFrame=false}, InsetsSource: {mType=ITYPE_IME, mFrame=[0,0][0,0], mVisibleFrame=[0,1392][1080,2400], mVisible=false, mInsetsRoundedCornerFrame=false} } host=com.example.pigeon/com.example.pigeon.MainActivity from=android.view.ViewRootImpl$ViewRootHandler.handleMessageImpl:6727
04-25 22:18:48.193 29912 29912 I ViewRootImpl@6527a21[MainActivity]: handleResized, msg = 4 frames=ClientWindowFrames{frame=[0,0][1080,2400] display=[0,0][1080,2400] parentFrame=[0,0][0,0] parentClippedByDisplayCutout=false} forceNextWindowRelayout=false displayId=0 resizeMode=-1 frameChanged=false displayFrameChanged=false configChanged=false displayChanged=false
04-25 22:18:53.356 29912 29918 I .example.pigeon: Background concurrent copying GC freed 8933KB AllocSpace bytes, 0(0B) LOS objects, 49% free, 7884KB/15MB, paused 206us,54us total 131.381ms
04-25 22:18:55.807 29912 29912 I ViewRootImpl@a0527b7[MainActivity]: ViewPostIme pointer 0
04-25 22:18:55.871 29912 29912 I ViewRootImpl@a0527b7[MainActivity]: ViewPostIme pointer 1
04-25 22:18:55.945 29912 29912 I MSHandlerLifeCycle: removeMultiSplitHandler: no exist. decor=DecorView@48f67a9[MainActivity]
04-25 22:18:55.946 29912 29944 D OpenGLRenderer: setSurface called with nullptr
04-25 22:18:55.946 29912 29944 D OpenGLRenderer: setSurface() destroyed EGLSurface
04-25 22:18:55.946 29912 29944 D OpenGLRenderer: destroyEglSurface
04-25 22:18:55.949 29912 29944 D OpenGLRenderer: endAllActiveAnimators on 0xb4000078e7875c00 (UnprojectedRipple) with handle 0xb40000790d121280
04-25 22:18:55.950 29912 29912 I ViewRootImpl@a0527b7[MainActivity]: dispatchDetachedFromWindow
04-25 22:18:55.950 29912 29912 I BLASTBufferQueue: [ViewRootImpl@a0527b7[MainActivity]#2](f:0,a:1) destructor()
04-25 22:18:55.950 29912 29912 D BufferQueueConsumer: [ViewRootImpl@a0527b7[MainActivity]#2(BLAST Consumer)2](id:74d800000002,api:0,p:-1,c:29912) disconnect
04-25 22:18:55.966 29912 29912 D InputTransport: Input channel destroyed: '66a1ca0', fd=204
04-25 22:18:55.995 29912 29912 I IMM_LC  : hsifw() - flag : 0
04-25 22:18:55.996 29912 29912 I IMM_LC  : hsifw() ignore mServedView == null or mServedView.getWindowToken() != windowToken, mServedView :0
04-25 22:18:56.005 29912 29912 D InsetsController: onStateChanged: InsetsState: {mDisplayFrame=Rect(0, 0 - 1080, 2400), mDisplayCutout=DisplayCutout{insets=Rect(0, 78 - 0, 0) waterfall=Insets{left=0, top=0, right=0, bottom=0} boundingRect={Bounds=[Rect(0, 0 - 0, 0), Rect(468, 0 - 612, 78), Rect(0, 0 - 0, 0), Rect(0, 0 - 0, 0)]} cutoutPathParserInfo={CutoutPathParserInfo{displayWidth=1080 displayHeight=2400 physicalDisplayWidth=1080 physicalDisplayHeight=2400 density={2.8125} cutoutSpec={M 0,0 H -25.6 V 27.73333333333333 H 25.6 V 0 H 0 Z @dp} rotation={0} scale={1.0} physicalPixelDisplaySizeRatio={1.0}}}}, mRoundedCorners=RoundedCorners{[RoundedCorner{position=TopLeft, radius=90, center=Point(90, 90)}, RoundedCorner{position=TopRight, radius=90, center=Point(990, 90)}, RoundedCorner{position=BottomRight, radius=90, center=Point(990, 2310)}, RoundedCorner{position=BottomLeft, radius=90, center=Point(90, 2310)}]}  mRoundedCornerFrame=Rect(0, 0 - 1080, 2400), mPrivacyIndicatorBounds=PrivacyIndicatorBounds {static bounds=Rect(956, 0 - 1080, 78) rotation=0}, mSources= { InsetsSource: {mType=ITYPE_STATUS_BAR, mFrame=[0,0][1080,78], mVisible=true, mInsetsRoundedCornerFrame=false}, InsetsSource: {mType=ITYPE_NAVIGATION_BAR, mFrame=[0,2358][1080,2400], mVisible=true, mInsetsRoundedCornerFrame=false}, InsetsSource: {mType=ITYPE_LEFT_GESTURES, mFrame=[0,0][84,2400], mVisible=true, mInsetsRoundedCornerFrame=false}, InsetsSource: {mType=ITYPE_RIGHT_GESTURES, mFrame=[996,0][1080,2400], mVisible=true, mInsetsRoundedCornerFrame=false}, InsetsSource: {mType=ITYPE_TOP_MANDATORY_GESTURES, mFrame=[0,0][1080,112], mVisible=true, mInsetsRoundedCornerFrame=false}, InsetsSource: {mType=ITYPE_BOTTOM_MANDATORY_GESTURES, mFrame=[0,2310][1080,2400], mVisible=true, mInsetsRoundedCornerFrame=false}, InsetsSource: {mType=ITYPE_LEFT_DISPLAY_CUTOUT, mFrame=[0,0][-100000,2400], mVisible=true, mInsetsRoundedCornerFrame=false}, InsetsSource: {mType=ITYPE_TOP_DISPLAY_CUTOUT, mFrame=[0,0][1080,78], mVisible=true, mInsetsRoundedCornerFrame=false}, InsetsSource: {mType=ITYPE_RIGHT_DISPLAY_CUTOUT, mFrame=[100000,0][1080,2400], mVisible=true, mInsetsRoundedCornerFrame=false}, InsetsSource: {mType=ITYPE_BOTTOM_DISPLAY_CUTOUT, mFrame=[0,100000][1080,2400], mVisible=true, mInsetsRoundedCornerFrame=false}, InsetsSource: {mType=ITYPE_TOP_TAPPABLE_ELEMENT, mFrame=[0,0][1080,78], mVisible=true, mInsetsRoundedCornerFrame=false}, InsetsSource: {mType=ITYPE_BOTTOM_TAPPABLE_ELEMENT, mFrame=[0,0][0,0], mVisible=true, mInsetsRoundedCornerFrame=false} } host=com.example.pigeon/com.example.pigeon.MainActivity from=android.view.ViewRootImpl$ViewRootHandler.handleMessageImpl:6740
04-25 22:18:56.006 29912 29912 I ViewRootImpl@6527a21[MainActivity]: MSG_WINDOW_FOCUS_CHANGED 1 0
04-25 22:18:56.006 29912 29912 I ViewRootImpl@6527a21[MainActivity]: mThreadedRenderer.initializeIfNeeded()#2 mSurface={isValid=true 0xb40000799adef000}
04-25 22:18:56.007 29912 29912 D InputMethodManager: startInputInner - Id : 0
04-25 22:18:56.007 29912 29912 I InputMethodManager: startInputInner - mService.startInputOrWindowGainedFocus
04-25 22:18:56.064 29912 29912 D [MESH_RADIO]: ⚡ Power State: Upgrading to STICKY ACTIVE (User/Report initiated).
04-25 22:18:56.064 29912 29912 D [MESH_RADIO]: Wave skipped — device is already in sticky ACTIVE mode.
04-25 22:18:56.065 29912 29973 D [MESH_RADIO]: Executing PowerState change: ACTIVE (Sticky: true)
04-25 22:18:56.069 29912 29973 D [MESH_RADIO]: Stopping NearbySyncManager radio active tasks.
04-25 22:18:56.069 29912 29973 D [MESH_RADIO]: Duty cycle stopped.
04-25 22:18:56.087 29912 29912 D [MESH_RADIO]: 📡 [BROADCAST] Immediate Incident: 0f1576dd-36f0-4ea3-a25f-3eb4ed16dd23 to 0 connected peers.
04-25 22:18:56.279 29912 29973 D [MESH_RADIO]: Power ACTIVE. Starting duty-cycle Advertising/Discovery.
04-25 22:18:56.281 29912 29973 D [MESH_RADIO]: Duty cycle started (3000ms/phase, isStickyActive=true)
04-25 22:18:56.282 29912 29973 D [MESH_RADIO]: ⟳ Duty Cycle → BEACON (Advertising)
04-25 22:18:57.005 29912 29912 D [MESH_RADIO]: Advertising started (lowPower=false).
04-25 22:18:59.486 29912 29973 D [MESH_RADIO]: ⟳ Duty Cycle → SCANNER (Discovery)
04-25 22:18:59.677 29912 29918 I .example.pigeon: Background concurrent copying GC freed 7573KB AllocSpace bytes, 1(100KB) LOS objects, 49% free, 8124KB/15MB, paused 399us,212us total 165.623ms
04-25 22:18:59.678 29912 29919 D InputTransport: Input channel destroyed: 'ClientS', fd=191
04-25 22:18:59.679 29912 29944 D OpenGLRenderer: setSurface called with nullptr
04-25 22:18:59.786 29912 29912 D NearbyConnections: Discovery started with NFC requested, but there is no NfcDispatcher available. Discovery will continue over other mediums instead. To use NFC discovery, pass in an Activity when calling Nearby.getConnectionsClient().
04-25 22:18:59.786 29912 29912 D [MESH_RADIO]: Discovery started (lowPower=false).
04-25 22:19:00.043 29912 29912 D [MESH_RADIO]: 📡 Radar Update: Peer TFBO signal is -60dBm (~2.5 meters).
04-25 22:19:00.047 29912 29973 D [MESH_RADIO]: Debouncing outbound connection to TFBO for 289ms
04-25 22:19:00.338 29912 29973 D [MESH_RADIO]: Requesting connection to TFBO...
04-25 22:19:02.693 29912 29973 D [MESH_RADIO]: ⟳ Duty Cycle → BEACON (Advertising)
04-25 22:19:04.024 29912 29912 D [MESH_RADIO]: Connection initiated with TFBO (malek). Auto-accepting...
04-25 22:19:04.025 29912 29912 D [MESH_RADIO]: Duty cycle stopped.
04-25 22:19:04.025 29912 29912 D [MESH_RADIO]: Duty cycle suspended — connection guard active for TFBO
04-25 22:19:04.496 29912 29912 D [MESH_RADIO]: Advertising started (lowPower=false).
04-25 22:19:04.507 29912 29912 D [MESH_RADIO]: Mesh Link Established with TFBO!
04-25 22:19:04.508 29912 29912 D [MESH_RADIO]: Initiating Set Union sync with TFBO
04-25 22:19:04.520 29912 29973 D [MESH_RADIO]: Generated local manifest with 2 items.
04-25 22:19:04.523 29912 29973 D [MESH_RADIO]: Sending SyncManifest (2 items) to TFBO
04-25 22:19:04.570 29912 29912 D [MESH_RADIO]: Payload received from TFBO. Size: 57
04-25 22:19:04.579 29912 29973 D [MESH_RADIO]: Received SyncManifest from TFBO
04-25 22:19:04.590 29912 29973 D [MESH_RADIO]: Pushed 1 event(s) to TFBO
04-25 22:19:04.599 29912 29973 D [MESH_RADIO]: Pushed 1 verification(s) to TFBO
04-25 22:19:04.600 29912 29973 D [MESH_RADIO]: Need 0 event(s) from TFBO (0 missing, 0 newer)
04-25 22:19:04.622 29912 29912 D [MESH_RADIO]: Push confirmed for payload -6677905330484129902 to TFBO
04-25 22:19:04.622 29912 29912 I [MESH_RADIO]: ✅ Sync Complete with TFBO (newEvents=false).
04-25 22:19:04.690 29912 29912 D [MESH_RADIO]: Payload received from TFBO. Size: 105
04-25 22:19:04.692 29912 29971 D [MESH_RADIO]: Received VerificationMessage from TFBO for event 5f3229ef-1010-4fe2-8889-f55415e12fbc
04-25 22:19:04.701 29912 29971 D [MESH_RADIO]: Upserted verification for 5f3229ef-1010-4fe2-8889-f55415e12fbc from c9feb8abc08e1e1f
04-25 22:19:05.020 29912 29912 D [MESH_RADIO]: Disconnected from TFBO
04-25 22:19:05.021 29912 29912 D [MESH_RADIO]: All sessions cleared after TFBO disconnect. Resuming duty cycle.
04-25 22:19:05.022 29912 29971 D [MESH_RADIO]: Duty cycle started (3000ms/phase, isStickyActive=true)
04-25 22:19:05.022 29912 29971 D [MESH_RADIO]: ⟳ Duty Cycle → BEACON (Advertising)
04-25 22:19:05.675 29912 29912 D [MESH_RADIO]: Advertising started (lowPower=false).
04-25 22:19:07.165 29912 29918 I .example.pigeon: Background concurrent copying GC freed 8360KB AllocSpace bytes, 1(28KB) LOS objects, 49% free, 7832KB/15MB, paused 83us,226us total 104.383ms
04-25 22:19:08.227 29912 29971 D [MESH_RADIO]: ⟳ Duty Cycle → SCANNER (Discovery)
04-25 22:19:08.506 29912 29912 D NearbyConnections: Discovery started with NFC requested, but there is no NfcDispatcher available. Discovery will continue over other mediums instead. To use NFC discovery, pass in an Activity when calling Nearby.getConnectionsClient().
04-25 22:19:08.507 29912 29912 D [MESH_RADIO]: Discovery started (lowPower=false).
04-25 22:19:10.194 29912 29912 D [MESH_RADIO]: 📡 Radar Update: Peer TQIB signal is -60dBm (~2.5 meters).
04-25 22:19:10.195 29912 29973 D [MESH_RADIO]: Debouncing outbound connection to TQIB for 220ms
04-25 22:19:10.417 29912 29973 D [MESH_RADIO]: Requesting connection to TQIB...
04-25 22:19:11.433 29912 29973 D [MESH_RADIO]: ⟳ Duty Cycle → BEACON (Advertising)
04-25 22:19:13.395 29912 29912 I ViewRootImpl@6527a21[MainActivity]: ViewPostIme pointer 0
04-25 22:19:13.459 29912 29912 I ViewRootImpl@6527a21[MainActivity]: ViewPostIme pointer 1
04-25 22:19:13.470 29912 29912 D SensorManager: unregisterListener
04-25 22:19:13.835 29912 29918 I .example.pigeon: Background concurrent copying GC freed 7836KB AllocSpace bytes, 0(0B) LOS objects, 49% free, 7893KB/15MB, paused 171us,138us total 133.576ms
04-25 22:19:14.196 29912 29912 D [MESH_RADIO]: Connection initiated with TQIB (malek). Auto-accepting...
04-25 22:19:14.196 29912 29912 D [MESH_RADIO]: Duty cycle stopped.
04-25 22:19:14.196 29912 29912 D [MESH_RADIO]: Duty cycle suspended — connection guard active for TQIB
04-25 22:19:14.248 29912 29912 I SurfaceView@52361c4: onWindowVisibilityChanged(8) false org.maplibre.android.maps.renderer.surfaceview.MapLibreGLSurfaceView{52361c4 V.E...... ........ 0,0-1080,1807} of ViewRootImpl@6527a21[MainActivity]
04-25 22:19:14.248 29912 29912 I SurfaceView@52361c4: Changes: creating=false format=false size=false visible=true alpha=false hint=false mUseAlpha=false visible=true left=false top=false
04-25 22:19:14.248 29912 29912 I SurfaceView@52361c4: 86204868 Cur surface: Surface(name=null)/@0x352b4e1
04-25 22:19:14.249 29912 29912 I SurfaceView@52361c4: applyTransactionOnVriDraw: vri = ViewRootImpl@6527a21[MainActivity] fRS = false t = 0xb40000799ab21300 android.view.SurfaceView.performSurfaceTransaction:959 android.view.SurfaceView.updateSurface:1105 android.view.SurfaceView.onWindowVisibilityChanged:371 
04-25 22:19:14.249 29912 29912 I ViewRootImpl@6527a21[MainActivity]: applyTransactionOnDraw: mRemoved = false isHardwareEnabled = true t = 0xb40000799ab21300android.view.SurfaceView.applyTransactionOnVriDraw:2048 android.view.SurfaceView.performSurfaceTransaction:959 android.view.SurfaceView.updateSurface:1105 android.view.SurfaceView.onWindowVisibilityChanged:371 android.view.View.dispatchDetachedFromWindow:22529 
04-25 22:19:14.249 29912 29912 I SurfaceView@52361c4: surfaceDestroyed
04-25 22:19:14.249 29912 29912 I SurfaceView@52361c4: surfaceDestroyed callback.size 1 #2 org.maplibre.android.maps.renderer.surfaceview.MapLibreGLSurfaceView{52361c4 V.E...... ........ 0,0-1080,1807}
04-25 22:19:14.249 29912 29912 I SurfaceView@52361c4: updateSurface: mVisible = false mSurface.isValid() = true
04-25 22:19:14.249 29912 29912 I BLASTBufferQueue: [SurfaceView[com.example.pigeon/com.example.pigeon.MainActivity]@0#1](f:0,a:1) destructor()
04-25 22:19:14.250 29912 29912 D BufferQueueConsumer: [SurfaceView[com.example.pigeon/com.example.pigeon.MainActivity]@0#1(BLAST Consumer)1](id:74d800000001,api:0,p:-1,c:29912) disconnect
04-25 22:19:14.251 29912 29912 I SurfaceView@52361c4: releaseSurfaces: viewRoot = ViewRootImpl@6527a21[MainActivity]
04-25 22:19:14.252 29912 29912 I SurfaceView@52361c4: applyTransactionOnVriDraw: vri = ViewRootImpl@6527a21[MainActivity] fRS = true t = 0xb4000079964eea00 android.view.SurfaceView.releaseSurfaces:858 android.view.SurfaceView.updateSurface:1172 android.view.SurfaceView.onWindowVisibilityChanged:371 
04-25 22:19:14.252 29912 29912 I SurfaceView@52361c4: applyTransactionOnVriDraw: viewRoot.applyTransactionOnDrawFromReleaseSurfaces
04-25 22:19:14.252 29912 29912 I ViewRootImpl@6527a21[MainActivity]: applyTransactionOnDraw: mRemoved = false isHardwareEnabled = true t = 0xb4000079964eea00android.view.ViewRootImpl.applyTransactionOnDrawFromReleaseSurfaces:12850 android.view.SurfaceView.applyTransactionOnVriDraw:2046 android.view.SurfaceView.releaseSurfaces:858 android.view.SurfaceView.updateSurface:1172 android.view.SurfaceView.onWindowVisibilityChanged:371 
04-25 22:19:14.253 29912 29912 V SurfaceView@52361c4: Layout: x=0 y=326 w=1080 h=1807, frame=Rect(0, 0 - 1080, 1807)
04-25 22:19:14.272 29912 29982 D libMEOW : meow delete tls: 0xb40000799653eac0
04-25 22:19:14.272 29912 29912 I SurfaceView@52361c4: onDetachedFromWindow: tryReleaseSurfaces()
04-25 22:19:14.272 29912 29912 I SurfaceView@52361c4: releaseSurfaces: viewRoot = ViewRootImpl@6527a21[MainActivity]
04-25 22:19:14.273 29912 29912 I SurfaceView@52361c4: applyTransactionOnVriDraw: vri = ViewRootImpl@6527a21[MainActivity] fRS = true t = 0xb4000078f1ac2100 android.view.SurfaceView.releaseSurfaces:858 android.view.SurfaceView.onDetachedFromWindow:500 org.maplibre.android.maps.renderer.surfaceview.MapLibreSurfaceView.onDetachedFromWindow:256 
04-25 22:19:14.273 29912 29912 I SurfaceView@52361c4: applyTransactionOnVriDraw: viewRoot.applyTransactionOnDrawFromReleaseSurfaces
04-25 22:19:14.273 29912 29912 I ViewRootImpl@6527a21[MainActivity]: applyTransactionOnDraw: mRemoved = false isHardwareEnabled = true t = 0xb4000078f1ac2100android.view.ViewRootImpl.applyTransactionOnDrawFromReleaseSurfaces:12850 android.view.SurfaceView.applyTransactionOnVriDraw:2046 android.view.SurfaceView.releaseSurfaces:858 android.view.SurfaceView.onDetachedFromWindow:500 org.maplibre.android.maps.renderer.surfaceview.MapLibreSurfaceView.onDetachedFromWindow:256 
04-25 22:19:14.301 29912 29944 D SurfaceView@52361c4: windowPositionLost, frameNr = 2094
04-25 22:19:14.302 29912 29963 I ViewRootImpl@6527a21[MainActivity]: mWNT: t=0xb40000799ab21300 mBlastBufferQueue=0xb40000798e80cb00 fn= 2094 caller= android.view.ViewRootImpl.lambda$applyTransactionOnDraw$11$android-view-ViewRootImpl:12865 android.view.ViewRootImpl$$ExternalSyntheticLambda1.onFrameDraw:4 android.graphics.HardwareRenderer$FrameDrawingCallback.onFrameDraw:924 
04-25 22:19:14.302 29912 29963 I ViewRootImpl@6527a21[MainActivity]: mWNT: t=0xb4000079964eea00 mBlastBufferQueue=0xb40000798e80cb00 fn= 2094 caller= android.view.ViewRootImpl.lambda$applyTransactionOnDraw$11$android-view-ViewRootImpl:12865 android.view.ViewRootImpl$$ExternalSyntheticLambda1.onFrameDraw:4 android.graphics.HardwareRenderer$FrameDrawingCallback.onFrameDraw:924 
04-25 22:19:14.303 29912 29963 I ViewRootImpl@6527a21[MainActivity]: mWNT: t=0xb4000078f1ac2100 mBlastBufferQueue=0xb40000798e80cb00 fn= 2094 caller= android.view.ViewRootImpl.lambda$applyTransactionOnDraw$11$android-view-ViewRootImpl:12865 android.view.ViewRootImpl$$ExternalSyntheticLambda1.onFrameDraw:4 android.graphics.HardwareRenderer$FrameDrawingCallback.onFrameDraw:924 
04-25 22:19:14.677 29912 29912 D [MESH_RADIO]: Advertising started (lowPower=false).
04-25 22:19:14.684 29912 29912 D [MESH_RADIO]: Mesh Link Established with TQIB!
04-25 22:19:14.685 29912 29912 D [MESH_RADIO]: Initiating Set Union sync with TQIB
04-25 22:19:14.696 29912 29973 D [MESH_RADIO]: Generated local manifest with 2 items.
04-25 22:19:14.699 29912 29973 D [MESH_RADIO]: Sending SyncManifest (2 items) to TQIB
04-25 22:19:14.846 29912 29912 D [MESH_RADIO]: Payload received from TQIB. Size: 112
04-25 22:19:14.850 29912 29973 D [MESH_RADIO]: Received SyncManifest from TQIB
04-25 22:19:14.855 29912 29912 D [MESH_RADIO]: Payload received from TQIB. Size: 105
04-25 22:19:14.858 29912 29973 D [MESH_RADIO]: Received VerificationMessage from TQIB for event 5f3229ef-1010-4fe2-8889-f55415e12fbc
04-25 22:19:14.862 29912 29973 D [MESH_RADIO]: Pushed 0 event(s) to TQIB
04-25 22:19:14.865 29912 29973 D [MESH_RADIO]: Upserted verification for 5f3229ef-1010-4fe2-8889-f55415e12fbc from c9feb8abc08e1e1f
04-25 22:19:14.868 29912 29971 D [MESH_RADIO]: Pushed 1 verification(s) to TQIB
04-25 22:19:14.868 29912 29971 D [MESH_RADIO]: Need 0 event(s) from TQIB (0 missing, 0 newer)
04-25 22:19:14.869 29912 29971 I [MESH_RADIO]: ✅ Sync Complete with TQIB (newEvents=false).
04-25 22:19:15.218 29912 29912 D [MESH_RADIO]: Disconnected from TQIB
04-25 22:19:15.219 29912 29912 D [MESH_RADIO]: All sessions cleared after TQIB disconnect. Resuming duty cycle.
04-25 22:19:15.220 29912 29974 D [MESH_RADIO]: Duty cycle started (3000ms/phase, isStickyActive=true)
04-25 22:19:15.220 29912 29974 D [MESH_RADIO]: ⟳ Duty Cycle → BEACON (Advertising)
04-25 22:19:15.612 29912 29912 I ViewRootImpl@6527a21[MainActivity]: ViewPostIme pointer 0
04-25 22:19:15.650 29912 29912 I ViewRootImpl@6527a21[MainActivity]: ViewPostIme pointer 1
04-25 22:19:15.859 29912 29912 D [MESH_RADIO]: Advertising started (lowPower=false).
04-25 22:19:16.595 29912 29912 I ViewRootImpl@6527a21[MainActivity]: ViewPostIme pointer 0
04-25 22:19:16.659 29912 29912 I ViewRootImpl@6527a21[MainActivity]: ViewPostIme pointer 1
04-25 22:19:16.736 29912 29912 I SurfaceView@1f7157a: onWindowVisibilityChanged(0) true org.maplibre.android.maps.renderer.surfaceview.MapLibreGLSurfaceView{1f7157a V.E...... ......I. 0,0-0,0} of ViewRootImpl@6527a21[MainActivity]
04-25 22:19:16.736 29912 29912 D SurfaceView@1f7157a: updateSurface: has no frame
04-25 22:19:16.781 29912 29912 D SurfaceView@1f7157a: updateSurface: has no frame
04-25 22:19:16.792 29912 29912 I SurfaceView@1f7157a: Changes: creating=true format=true size=true visible=true alpha=false hint=false mUseAlpha=false visible=true left=true top=true
04-25 22:19:16.795 29912 29912 D BufferQueueConsumer: [](id:74d800000003,api:0,p:-1,c:29912) connect: controlledByApp=false
04-25 22:19:16.795 29912 29912 I BLASTBufferQueue: update, w= 1080 h= 1807 mName = null mNativeObject= 0xb40000799ac00780 sc.mNativeObject= 0xb4000078f15bea80 format= -2 caller= android.view.SurfaceView.createBlastSurfaceControls:1383 android.view.SurfaceView.updateSurface:1079 android.view.SurfaceView.lambda$new$0$android-view-SurfaceView:200 android.view.SurfaceView$$ExternalSyntheticLambda5.onPreDraw:2 android.view.ViewTreeObserver.dispatchOnPreDraw:1121 android.view.ViewRootImpl.performTraversals:4442 
04-25 22:19:16.795 29912 29912 I SurfaceView@1f7157a: 32970106 Cur surface: Surface(name=null)/@0xb9c93d1
04-25 22:19:16.795 29912 29912 I SurfaceView@1f7157a: pST: sr = Rect(0, 326 - 1080, 2133) sw = 1080 sh = 1807
04-25 22:19:16.796 29912 29912 D SurfaceView@1f7157a: performSurfaceTransaction RenderWorker position = [0, 326, 1080, 2133] surfaceSize = 1080x1807
04-25 22:19:16.796 29912 29912 I SurfaceView@1f7157a: applyTransactionOnVriDraw: vri = ViewRootImpl@6527a21[MainActivity] fRS = false t = 0xb40000798e7bac00 android.view.SurfaceView.performSurfaceTransaction:959 android.view.SurfaceView.updateSurface:1105 android.view.SurfaceView.lambda$new$0$android-view-SurfaceView:200 
04-25 22:19:16.796 29912 29912 I ViewRootImpl@6527a21[MainActivity]: applyTransactionOnDraw: mRemoved = false isHardwareEnabled = true t = 0xb40000798e7bac00android.view.SurfaceView.applyTransactionOnVriDraw:2048 android.view.SurfaceView.performSurfaceTransaction:959 android.view.SurfaceView.updateSurface:1105 android.view.SurfaceView.lambda$new$0$android-view-SurfaceView:200 android.view.SurfaceView$$ExternalSyntheticLambda5.onPreDraw:2 
04-25 22:19:16.796 29912 29912 I SurfaceView@1f7157a: updateSurface: mVisible = true mSurface.isValid() = true
04-25 22:19:16.796 29912 29912 I SurfaceView@1f7157a: updateSurface: mSurfaceCreated = false surfaceChanged = true visibleChanged = true
04-25 22:19:16.796 29912 29912 I SurfaceView@1f7157a: visibleChanged -- surfaceCreated
04-25 22:19:16.796 29912 29912 I SurfaceView@1f7157a: surfaceCreated 1 #8 org.maplibre.android.maps.renderer.surfaceview.MapLibreGLSurfaceView{1f7157a V.E...... ......ID 0,0-1080,1807}
04-25 22:19:16.796 29912 29912 I SurfaceView@1f7157a: surfaceChanged -- format=-2 w=1080 h=1807
04-25 22:19:16.796 29912 29912 I SurfaceView@1f7157a: surfaceChanged (1080,1807) 1 #8 org.maplibre.android.maps.renderer.surfaceview.MapLibreGLSurfaceView{1f7157a V.E...... ......ID 0,0-1080,1807}
04-25 22:19:16.797 29912 29912 I SurfaceView@1f7157a: surfaceRedrawNeeded
04-25 22:19:16.797 29912 30130 D libMEOW : meow new tls: 0xb40000799653e140
04-25 22:19:16.797 29912 30130 D libMEOW : applied 2 plugins for [com.example.pigeon]:
04-25 22:19:16.797 29912 30130 D libMEOW :   plugin 1: [libMEOW_gift.so]:
04-25 22:19:16.797 29912 30130 D libMEOW :   plugin 2: [libMEOW_semaphore]:
04-25 22:19:16.798 29912 30130 I Mbgl-EGLConfigChooser: In emulator: false
04-25 22:19:16.802 29912 29912 V SurfaceView@1f7157a: Layout: x=0 y=326 w=1080 h=1807, frame=Rect(0, 0 - 1080, 1807)
04-25 22:19:16.808 29912 30130 I BLASTBufferQueue: [SurfaceView[com.example.pigeon/com.example.pigeon.MainActivity]@0#3](f:0,a:0) onFrameAvailable the first frame is available
04-25 22:19:16.809 29912 30130 I BLASTBufferQueue: [SurfaceView[com.example.pigeon/com.example.pigeon.MainActivity]@0#3](f:0,a:1) acquireNextBufferLocked size=1080x1807 mFrameNumber=1 applyTransaction=true mTimestamp=33923990568790(auto) mPendingTransactions.size=0 graphicBufferId=128471061757961 transform=0
04-25 22:19:16.819 29912 29964 D SurfaceView@1f7157a: updateSurfacePosition RenderWorker, frameNr = 2190, position = [0, 326, 1080, 2133] surfaceSize = 1080x1807
04-25 22:19:16.819 29912 29964 I SurfaceView@1f7157a: uSP: rtp = Rect(0, 326 - 1080, 2133) rtsw = 1080 rtsh = 1807
04-25 22:19:16.819 29912 29964 I SurfaceView@1f7157a: onSSPAndSRT: pl = 0 pt = 326 sx = 1.0 sy = 1.0
04-25 22:19:16.820 29912 29964 I SurfaceView@1f7157a: aOrMT: ViewRootImpl@6527a21[MainActivity] t = android.view.SurfaceControl$Transaction@92989a3 fN = 2190 android.view.SurfaceView.-$$Nest$mapplyOrMergeTransaction:0 android.view.SurfaceView$SurfaceViewPositionUpdateListener.positionChanged:1537 android.graphics.RenderNode$CompositePositionUpdateListener.positionChanged:373 
04-25 22:19:16.820 29912 29964 I ViewRootImpl@6527a21[MainActivity]: mWNT: t=0xb400007996342100 mBlastBufferQueue=0xb40000798e80cb00 fn= 2190 caller= android.view.SurfaceView.applyOrMergeTransaction:1455 android.view.SurfaceView.-$$Nest$mapplyOrMergeTransaction:0 android.view.SurfaceView$SurfaceViewPositionUpdateListener.positionChanged:1537 
04-25 22:19:16.820 29912 29964 I ViewRootImpl@6527a21[MainActivity]: mWNT: t=0xb40000798e7bac00 mBlastBufferQueue=0xb40000798e80cb00 fn= 2190 caller= android.view.ViewRootImpl.lambda$applyTransactionOnDraw$11$android-view-ViewRootImpl:12865 android.view.ViewRootImpl$$ExternalSyntheticLambda1.onFrameDraw:4 android.graphics.HardwareRenderer$FrameDrawingCallback.onFrameDraw:924 
04-25 22:19:16.857 29912 29912 V Mbgl-ConnectivityReceiver: connected - false
04-25 22:19:16.863 29912 29912 D MAP_DEBUG: 🔄 Initializing with Permanent Offline Style: mbtiles:///data/user/0/com.example.pigeon/files/lebanon_base.mbtiles
04-25 22:19:16.928 29912 29912 D SensorManager: registerListener :: 1936879478, Samsung Rotation Vector Sensor, 100000, 0, 
04-25 22:19:16.942 29912 29912 I SurfaceView@1f7157a: finishedDrawing
04-25 22:19:16.973 29912 29912 W MAP_DEBUG: ⚠️ Style Image Missing: 
04-25 22:19:16.980 29912 29912 D MAP_DEBUG: 📍 Initial Camera to Lebanon Center
04-25 22:19:18.159 29912 29912 D [MESH_RADIO]: Connection initiated with RKBF (malek). Auto-accepting...
04-25 22:19:18.160 29912 29912 D [MESH_RADIO]: Duty cycle stopped.
04-25 22:19:18.160 29912 29912 D [MESH_RADIO]: Duty cycle suspended — connection guard active for RKBF
04-25 22:19:18.192 29912 29912 D [MESH_RADIO]: Mesh Link Established with RKBF!
04-25 22:19:18.193 29912 29912 D [MESH_RADIO]: Initiating Set Union sync with RKBF
04-25 22:19:18.203 29912 29974 D [MESH_RADIO]: Generated local manifest with 2 items.
04-25 22:19:18.205 29912 29974 D [MESH_RADIO]: Sending SyncManifest (2 items) to RKBF
04-25 22:19:18.251 29912 29912 D [MESH_RADIO]: Payload received from RKBF. Size: 112
04-25 22:19:18.253 29912 29974 D [MESH_RADIO]: Received SyncManifest from RKBF
04-25 22:19:18.262 29912 29974 D [MESH_RADIO]: Pushed 0 event(s) to RKBF
04-25 22:19:18.270 29912 29971 D [MESH_RADIO]: Pushed 1 verification(s) to RKBF
04-25 22:19:18.270 29912 29971 D [MESH_RADIO]: Need 0 event(s) from RKBF (0 missing, 0 newer)
04-25 22:19:18.270 29912 29971 I [MESH_RADIO]: ✅ Sync Complete with RKBF (newEvents=false).
04-25 22:19:18.305 29912 29912 D [MESH_RADIO]: Payload received from RKBF. Size: 105
04-25 22:19:18.308 29912 29971 D [MESH_RADIO]: Received VerificationMessage from RKBF for event 5f3229ef-1010-4fe2-8889-f55415e12fbc
04-25 22:19:18.314 29912 29971 D [MESH_RADIO]: Upserted verification for 5f3229ef-1010-4fe2-8889-f55415e12fbc from c9feb8abc08e1e1f
04-25 22:19:18.397 29912 29918 I .example.pigeon: NativeAlloc concurrent copying GC freed 4474KB AllocSpace bytes, 31(1404KB) LOS objects, 49% free, 8204KB/16MB, paused 183us,359us total 109.025ms
04-25 22:19:18.626 29912 29912 D [MESH_RADIO]: Disconnected from RKBF
04-25 22:19:18.627 29912 29912 D [MESH_RADIO]: All sessions cleared after RKBF disconnect. Resuming duty cycle.
04-25 22:19:18.627 29912 29974 D [MESH_RADIO]: Duty cycle started (3000ms/phase, isStickyActive=true)
04-25 22:19:18.628 29912 29974 D [MESH_RADIO]: ⟳ Duty Cycle → BEACON (Advertising)
04-25 22:19:19.275 29912 29912 D [MESH_RADIO]: Advertising started (lowPower=false).
04-25 22:19:21.832 29912 29974 D [MESH_RADIO]: ⟳ Duty Cycle → SCANNER (Discovery)
04-25 22:19:22.142 29912 29912 D NearbyConnections: Discovery started with NFC requested, but there is no NfcDispatcher available. Discovery will continue over other mediums instead. To use NFC discovery, pass in an Activity when calling Nearby.getConnectionsClient().
04-25 22:19:22.143 29912 29912 D [MESH_RADIO]: Discovery started (lowPower=false).
04-25 22:19:25.036 29912 29974 D [MESH_RADIO]: ⟳ Duty Cycle → BEACON (Advertising)
04-25 22:19:25.531 29912 29918 I .example.pigeon: Background concurrent copying GC freed 8531KB AllocSpace bytes, 0(0B) LOS objects, 49% free, 7832KB/15MB, paused 1.031ms,467us total 169.131ms
04-25 22:19:25.692 29912 29912 D [MESH_RADIO]: Advertising started (lowPower=false).
04-25 22:19:28.241 29912 29974 D [MESH_RADIO]: ⟳ Duty Cycle → SCANNER (Discovery)
04-25 22:19:28.542 29912 29912 D NearbyConnections: Discovery started with NFC requested, but there is no NfcDispatcher available. Discovery will continue over other mediums instead. To use NFC discovery, pass in an Activity when calling Nearby.getConnectionsClient().
04-25 22:19:28.543 29912 29912 D [MESH_RADIO]: Discovery started (lowPower=false).
04-25 22:19:30.788 29912 29912 D [MESH_RADIO]: 📡 Radar Update: Peer TQIB signal is -60dBm (~2.5 meters).
04-25 22:19:30.790 29912 29974 D [MESH_RADIO]: Debouncing outbound connection to TQIB for 391ms
04-25 22:19:31.184 29912 29974 D [MESH_RADIO]: Requesting connection to TQIB...
04-25 22:19:31.447 29912 29974 D [MESH_RADIO]: ⟳ Duty Cycle → BEACON (Advertising)
04-25 22:19:32.215 29912 29918 I .example.pigeon: Background concurrent copying GC freed 7731KB AllocSpace bytes, 0(0B) LOS objects, 49% free, 7941KB/15MB, paused 296us,88us total 148.963ms
04-25 22:19:34.653 29912 29974 D [MESH_RADIO]: ⟳ Duty Cycle → SCANNER (Discovery)
04-25 22:19:37.858 29912 29974 D [MESH_RADIO]: ⟳ Duty Cycle → BEACON (Advertising)
04-25 22:19:38.960 29912 29918 I .example.pigeon: Background concurrent copying GC freed 7948KB AllocSpace bytes, 0(0B) LOS objects, 49% free, 7960KB/15MB, paused 381us,93us total 142.952ms
04-25 22:19:41.066 29912 29974 D [MESH_RADIO]: ⟳ Duty Cycle → SCANNER (Discovery)
04-25 22:19:44.271 29912 29974 D [MESH_RADIO]: ⟳ Duty Cycle → BEACON (Advertising)
04-25 22:19:45.631 29912 29918 I .example.pigeon: Background concurrent copying GC freed 7914KB AllocSpace bytes, 0(0B) LOS objects, 49% free, 8014KB/15MB, paused 180us,97us total 142.062ms
04-25 22:19:46.428 29912 29912 E [MESH_RADIO]: Failed to request connection to TQIB
04-25 22:19:46.428 29912 29912 E [MESH_RADIO]: com.google.android.gms.common.api.ApiException: 8012: STATUS_ENDPOINT_IO_ERROR
04-25 22:19:46.428 29912 29912 E [MESH_RADIO]: 	at com.google.android.gms.internal.nearby.zzdo.setFailedResult(com.google.android.gms:play-services-nearby@@19.2.0:1)
04-25 22:19:46.428 29912 29912 E [MESH_RADIO]: 	at com.google.android.gms.internal.nearby.zzce.zzb(com.google.android.gms:play-services-nearby@@19.2.0:4)
04-25 22:19:46.428 29912 29912 E [MESH_RADIO]: 	at com.google.android.gms.internal.nearby.zzfr.zza(com.google.android.gms:play-services-nearby@@19.2.0:3)
04-25 22:19:46.428 29912 29912 E [MESH_RADIO]: 	at com.google.android.gms.internal.nearby.zzb.onTransact(com.google.android.gms:play-services-nearby@@19.2.0:3)
04-25 22:19:46.428 29912 29912 E [MESH_RADIO]: 	at android.os.Binder.execTransactInternal(Binder.java:1321)
04-25 22:19:46.428 29912 29912 E [MESH_RADIO]: 	at android.os.Binder.execTransact(Binder.java:1280)
04-25 22:19:46.428 29912 29912 W [MESH_RADIO]: Connection to TQIB failed (attempt 1/2, code 8012). Retrying in 1000ms.
04-25 22:19:46.917 29912 29912 D [MESH_RADIO]: Advertising started (lowPower=false).
04-25 22:19:47.125 29912 29912 D NearbyConnections: Discovery started with NFC requested, but there is no NfcDispatcher available. Discovery will continue over other mediums instead. To use NFC discovery, pass in an Activity when calling Nearby.getConnectionsClient().
04-25 22:19:47.125 29912 29912 D [MESH_RADIO]: Discovery started (lowPower=false).
04-25 22:19:47.432 29912 29971 D [MESH_RADIO]: Requesting connection to TQIB...
04-25 22:19:47.477 29912 29971 D [MESH_RADIO]: ⟳ Duty Cycle → SCANNER (Discovery)
04-25 22:19:47.643 29912 29912 D [MESH_RADIO]: Advertising started (lowPower=false).
04-25 22:19:47.855 29912 29912 D NearbyConnections: Discovery started with NFC requested, but there is no NfcDispatcher available. Discovery will continue over other mediums instead. To use NFC discovery, pass in an Activity when calling Nearby.getConnectionsClient().
04-25 22:19:47.855 29912 29912 D [MESH_RADIO]: Discovery started (lowPower=false).
04-25 22:19:48.373 29912 29912 D [MESH_RADIO]: Advertising started (lowPower=false).
04-25 22:19:48.385 29912 29912 E [MESH_RADIO]: Failed to request connection to TQIB
04-25 22:19:48.385 29912 29912 E [MESH_RADIO]: com.google.android.gms.common.api.ApiException: 8011: STATUS_ENDPOINT_UNKNOWN
04-25 22:19:48.385 29912 29912 E [MESH_RADIO]: 	at com.google.android.gms.internal.nearby.zzdo.setFailedResult(com.google.android.gms:play-services-nearby@@19.2.0:1)
04-25 22:19:48.385 29912 29912 E [MESH_RADIO]: 	at com.google.android.gms.internal.nearby.zzce.zzb(com.google.android.gms:play-services-nearby@@19.2.0:4)
04-25 22:19:48.385 29912 29912 E [MESH_RADIO]: 	at com.google.android.gms.internal.nearby.zzfr.zza(com.google.android.gms:play-services-nearby@@19.2.0:3)
04-25 22:19:48.385 29912 29912 E [MESH_RADIO]: 	at com.google.android.gms.internal.nearby.zzb.onTransact(com.google.android.gms:play-services-nearby@@19.2.0:3)
04-25 22:19:48.385 29912 29912 E [MESH_RADIO]: 	at android.os.Binder.execTransactInternal(Binder.java:1321)
04-25 22:19:48.385 29912 29912 E [MESH_RADIO]: 	at android.os.Binder.execTransact(Binder.java:1280)
04-25 22:19:48.385 29912 29912 W [MESH_RADIO]: Connection to TQIB failed (attempt 2/2, code 8011). Retrying in 2000ms.
04-25 22:19:48.617 29912 29912 D NearbyConnections: Discovery started with NFC requested, but there is no NfcDispatcher available. Discovery will continue over other mediums instead. To use NFC discovery, pass in an Activity when calling Nearby.getConnectionsClient().
04-25 22:19:48.617 29912 29912 D [MESH_RADIO]: Discovery started (lowPower=false).
04-25 22:19:48.677 29912 29912 D [MESH_RADIO]: 📡 Radar Update: Peer TQIB signal is -60dBm (~2.5 meters).
04-25 22:19:48.679 29912 29971 D [MESH_RADIO]: Debouncing outbound connection to TQIB for 192ms
04-25 22:19:48.872 29912 29971 D [MESH_RADIO]: Requesting connection to TQIB...
04-25 22:19:50.388 29912 29971 D [MESH_RADIO]: Requesting connection to TQIB...
04-25 22:19:50.682 29912 29971 D [MESH_RADIO]: ⟳ Duty Cycle → BEACON (Advertising)
04-25 22:19:52.443 29912 29918 I .example.pigeon: Background concurrent copying GC freed 8015KB AllocSpace bytes, 0(0B) LOS objects, 49% free, 8015KB/15MB, paused 254us,85us total 147.508ms
04-25 22:19:53.890 29912 29971 D [MESH_RADIO]: ⟳ Duty Cycle → SCANNER (Discovery)
04-25 22:19:57.095 29912 29974 D [MESH_RADIO]: ⟳ Duty Cycle → BEACON (Advertising)
